20:26:25,630 INFO [org.aksw.hawk.controller.Pipeline.run] 144 - <F@n	1	0.1645119586296057	[PATTERN]	/Users/ricardousbeck/Dropbox/Dissertation/git-workspace/hawk/resources/qald-4_hybrid_train.xml>
20:37:24,732 INFO [org.aksw.hawk.controller.Pipeline.run] 144 - <F@n	2	0.28095238095238095	[PATTERN]	/Users/ricardousbeck/Dropbox/Dissertation/git-workspace/hawk/resources/qald-4_hybrid_train.xml>
20:38:21,180 INFO [org.aksw.hawk.controller.Pipeline.run] 144 - <F@n	3	0.3278172807584573	[PATTERN]	/Users/ricardousbeck/Dropbox/Dissertation/git-workspace/hawk/resources/qald-4_hybrid_train.xml>
20:38:47,560 INFO [org.aksw.hawk.controller.Pipeline.run] 144 - <F@n	4	0.38664081017022195	[PATTERN]	/Users/ricardousbeck/Dropbox/Dissertation/git-workspace/hawk/resources/qald-4_hybrid_train.xml>
20:39:43,895 INFO [org.aksw.hawk.controller.Pipeline.run] 144 - <F@n	5	0.38664081017022195	[PATTERN]	/Users/ricardousbeck/Dropbox/Dissertation/git-workspace/hawk/resources/qald-4_hybrid_train.xml>
20:40:40,331 INFO [org.aksw.hawk.controller.Pipeline.run] 144 - <F@n	6	0.38664081017022195	[PATTERN]	/Users/ricardousbeck/Dropbox/Dissertation/git-workspace/hawk/resources/qald-4_hybrid_train.xml>
20:41:36,739 INFO [org.aksw.hawk.controller.Pipeline.run] 144 - <F@n	7	0.4454643395819866	[PATTERN]	/Users/ricardousbeck/Dropbox/Dissertation/git-workspace/hawk/resources/qald-4_hybrid_train.xml>
20:42:02,981 INFO [org.aksw.hawk.controller.Pipeline.run] 144 - <F@n	8	0.47487610428786897	[PATTERN]	/Users/ricardousbeck/Dropbox/Dissertation/git-workspace/hawk/resources/qald-4_hybrid_train.xml>
20:42:59,671 INFO [org.aksw.hawk.controller.Pipeline.run] 144 - <F@n	9	0.4805322128851541	[PATTERN]	/Users/ricardousbeck/Dropbox/Dissertation/git-workspace/hawk/resources/qald-4_hybrid_train.xml>
20:43:56,069 INFO [org.aksw.hawk.controller.Pipeline.run] 144 - <F@n	10	0.4805322128851541	[PATTERN]	/Users/ricardousbeck/Dropbox/Dissertation/git-workspace/hawk/resources/qald-4_hybrid_train.xml>
20:44:52,716 INFO [org.aksw.hawk.controller.Pipeline.run] 144 - <F@n	20	0.5785714285714286	[PATTERN]	/Users/ricardousbeck/Dropbox/Dissertation/git-workspace/hawk/resources/qald-4_hybrid_train.xml>
20:45:18,862 INFO [org.aksw.hawk.controller.Pipeline.run] 144 - <F@n	30	0.5798642533936652	[PATTERN]	/Users/ricardousbeck/Dropbox/Dissertation/git-workspace/hawk/resources/qald-4_hybrid_train.xml>
20:46:15,247 INFO [org.aksw.hawk.controller.Pipeline.run] 144 - <F@n	40	0.5867846686185787	[PATTERN]	/Users/ricardousbeck/Dropbox/Dissertation/git-workspace/hawk/resources/qald-4_hybrid_train.xml>
20:47:11,649 INFO [org.aksw.hawk.controller.Pipeline.run] 144 - <F@n	50	0.6218810601163542	[PATTERN]	/Users/ricardousbeck/Dropbox/Dissertation/git-workspace/hawk/resources/qald-4_hybrid_train.xml>
20:48:08,197 INFO [org.aksw.hawk.controller.Pipeline.run] 144 - <F@n	1	0.15546218487394958	[PREDICATES]	/Users/ricardousbeck/Dropbox/Dissertation/git-workspace/hawk/resources/qald-4_hybrid_train.xml>
20:48:34,824 INFO [org.aksw.hawk.controller.Pipeline.run] 144 - <F@n	2	0.22212885154061623	[PREDICATES]	/Users/ricardousbeck/Dropbox/Dissertation/git-workspace/hawk/resources/qald-4_hybrid_train.xml>
20:49:31,423 INFO [org.aksw.hawk.controller.Pipeline.run] 144 - <F@n	3	0.3278172807584573	[PREDICATES]	/Users/ricardousbeck/Dropbox/Dissertation/git-workspace/hawk/resources/qald-4_hybrid_train.xml>
20:49:57,558 INFO [org.aksw.hawk.controller.Pipeline.run] 144 - <F@n	4	0.38664081017022195	[PREDICATES]	/Users/ricardousbeck/Dropbox/Dissertation/git-workspace/hawk/resources/qald-4_hybrid_train.xml>
20:50:24,118 INFO [org.aksw.hawk.controller.Pipeline.run] 144 - <F@n	5	0.38664081017022195	[PREDICATES]	/Users/ricardousbeck/Dropbox/Dissertation/git-workspace/hawk/resources/qald-4_hybrid_train.xml>
20:50:50,443 INFO [org.aksw.hawk.controller.Pipeline.run] 144 - <F@n	6	0.38664081017022195	[PREDICATES]	/Users/ricardousbeck/Dropbox/Dissertation/git-workspace/hawk/resources/qald-4_hybrid_train.xml>
20:51:16,656 INFO [org.aksw.hawk.controller.Pipeline.run] 144 - <F@n	7	0.4454643395819866	[PREDICATES]	/Users/ricardousbeck/Dropbox/Dissertation/git-workspace/hawk/resources/qald-4_hybrid_train.xml>
20:51:42,976 INFO [org.aksw.hawk.controller.Pipeline.run] 144 - <F@n	8	0.47487610428786897	[PREDICATES]	/Users/ricardousbeck/Dropbox/Dissertation/git-workspace/hawk/resources/qald-4_hybrid_train.xml>
20:52:09,687 INFO [org.aksw.hawk.controller.Pipeline.run] 144 - <F@n	9	0.4805322128851541	[PREDICATES]	/Users/ricardousbeck/Dropbox/Dissertation/git-workspace/hawk/resources/qald-4_hybrid_train.xml>
20:52:36,455 INFO [org.aksw.hawk.controller.Pipeline.run] 144 - <F@n	10	0.4805322128851541	[PREDICATES]	/Users/ricardousbeck/Dropbox/Dissertation/git-workspace/hawk/resources/qald-4_hybrid_train.xml>
20:53:02,541 INFO [org.aksw.hawk.controller.Pipeline.run] 144 - <F@n	20	0.5785714285714286	[PREDICATES]	/Users/ricardousbeck/Dropbox/Dissertation/git-workspace/hawk/resources/qald-4_hybrid_train.xml>
20:53:29,144 INFO [org.aksw.hawk.controller.Pipeline.run] 144 - <F@n	30	0.5798642533936652	[PREDICATES]	/Users/ricardousbeck/Dropbox/Dissertation/git-workspace/hawk/resources/qald-4_hybrid_train.xml>
20:53:55,316 INFO [org.aksw.hawk.controller.Pipeline.run] 144 - <F@n	40	0.5867846686185787	[PREDICATES]	/Users/ricardousbeck/Dropbox/Dissertation/git-workspace/hawk/resources/qald-4_hybrid_train.xml>
20:54:21,460 INFO [org.aksw.hawk.controller.Pipeline.run] 144 - <F@n	50	0.6218810601163542	[PREDICATES]	/Users/ricardousbeck/Dropbox/Dissertation/git-workspace/hawk/resources/qald-4_hybrid_train.xml>
20:54:47,611 INFO [org.aksw.hawk.controller.Pipeline.run] 144 - <F@n	1	0.21428571428571427	[PATTERN, PREDICATES]	/Users/ricardousbeck/Dropbox/Dissertation/git-workspace/hawk/resources/qald-4_hybrid_train.xml>
20:55:14,517 INFO [org.aksw.hawk.controller.Pipeline.run] 144 - <F@n	2	0.2338935574229692	[PATTERN, PREDICATES]	/Users/ricardousbeck/Dropbox/Dissertation/git-workspace/hawk/resources/qald-4_hybrid_train.xml>
20:55:40,757 INFO [org.aksw.hawk.controller.Pipeline.run] 144 - <F@n	3	0.2984055160525749	[PATTERN, PREDICATES]	/Users/ricardousbeck/Dropbox/Dissertation/git-workspace/hawk/resources/qald-4_hybrid_train.xml>
20:56:06,932 INFO [org.aksw.hawk.controller.Pipeline.run] 144 - <F@n	4	0.38664081017022195	[PATTERN, PREDICATES]	/Users/ricardousbeck/Dropbox/Dissertation/git-workspace/hawk/resources/qald-4_hybrid_train.xml>
20:56:33,301 INFO [org.aksw.hawk.controller.Pipeline.run] 144 - <F@n	5	0.38664081017022195	[PATTERN, PREDICATES]	/Users/ricardousbeck/Dropbox/Dissertation/git-workspace/hawk/resources/qald-4_hybrid_train.xml>
20:57:00,082 INFO [org.aksw.hawk.controller.Pipeline.run] 144 - <F@n	6	0.4454643395819866	[PATTERN, PREDICATES]	/Users/ricardousbeck/Dropbox/Dissertation/git-workspace/hawk/resources/qald-4_hybrid_train.xml>
20:57:26,700 INFO [org.aksw.hawk.controller.Pipeline.run] 144 - <F@n	7	0.4454643395819866	[PATTERN, PREDICATES]	/Users/ricardousbeck/Dropbox/Dissertation/git-workspace/hawk/resources/qald-4_hybrid_train.xml>
20:57:53,022 INFO [org.aksw.hawk.controller.Pipeline.run] 144 - <F@n	8	0.5168929110105581	[PATTERN, PREDICATES]	/Users/ricardousbeck/Dropbox/Dissertation/git-workspace/hawk/resources/qald-4_hybrid_train.xml>
20:58:19,416 INFO [org.aksw.hawk.controller.Pipeline.run] 144 - <F@n	9	0.5813725490196079	[PATTERN, PREDICATES]	/Users/ricardousbeck/Dropbox/Dissertation/git-workspace/hawk/resources/qald-4_hybrid_train.xml>
20:58:46,329 INFO [org.aksw.hawk.controller.Pipeline.run] 144 - <F@n	10	0.5813725490196079	[PATTERN, PREDICATES]	/Users/ricardousbeck/Dropbox/Dissertation/git-workspace/hawk/resources/qald-4_hybrid_train.xml>
20:59:12,685 INFO [org.aksw.hawk.controller.Pipeline.run] 144 - <F@n	20	0.6205882352941177	[PATTERN, PREDICATES]	/Users/ricardousbeck/Dropbox/Dissertation/git-workspace/hawk/resources/qald-4_hybrid_train.xml>
20:59:39,009 INFO [org.aksw.hawk.controller.Pipeline.run] 144 - <F@n	30	0.6218810601163542	[PATTERN, PREDICATES]	/Users/ricardousbeck/Dropbox/Dissertation/git-workspace/hawk/resources/qald-4_hybrid_train.xml>
21:00:05,619 INFO [org.aksw.hawk.controller.Pipeline.run] 144 - <F@n	40	0.6218810601163542	[PATTERN, PREDICATES]	/Users/ricardousbeck/Dropbox/Dissertation/git-workspace/hawk/resources/qald-4_hybrid_train.xml>
21:00:32,324 INFO [org.aksw.hawk.controller.Pipeline.run] 144 - <F@n	50	0.6218810601163542	[PATTERN, PREDICATES]	/Users/ricardousbeck/Dropbox/Dissertation/git-workspace/hawk/resources/qald-4_hybrid_train.xml>
21:00:58,636 INFO [org.aksw.hawk.controller.Pipeline.run] 144 - <F@n	1	0.1750700280112045	[NR_OF_TYPES]	/Users/ricardousbeck/Dropbox/Dissertation/git-workspace/hawk/resources/qald-4_hybrid_train.xml>
21:01:25,470 INFO [org.aksw.hawk.controller.Pipeline.run] 144 - <F@n	2	0.28095238095238095	[NR_OF_TYPES]	/Users/ricardousbeck/Dropbox/Dissertation/git-workspace/hawk/resources/qald-4_hybrid_train.xml>
21:01:52,025 INFO [org.aksw.hawk.controller.Pipeline.run] 144 - <F@n	3	0.2984055160525749	[NR_OF_TYPES]	/Users/ricardousbeck/Dropbox/Dissertation/git-workspace/hawk/resources/qald-4_hybrid_train.xml>
21:02:17,790 INFO [org.aksw.hawk.controller.Pipeline.run] 144 - <F@n	4	0.38664081017022195	[NR_OF_TYPES]	/Users/ricardousbeck/Dropbox/Dissertation/git-workspace/hawk/resources/qald-4_hybrid_train.xml>
21:02:43,583 INFO [org.aksw.hawk.controller.Pipeline.run] 144 - <F@n	5	0.38664081017022195	[NR_OF_TYPES]	/Users/ricardousbeck/Dropbox/Dissertation/git-workspace/hawk/resources/qald-4_hybrid_train.xml>
21:03:09,685 INFO [org.aksw.hawk.controller.Pipeline.run] 144 - <F@n	6	0.38664081017022195	[NR_OF_TYPES]	/Users/ricardousbeck/Dropbox/Dissertation/git-workspace/hawk/resources/qald-4_hybrid_train.xml>
21:03:35,394 INFO [org.aksw.hawk.controller.Pipeline.run] 144 - <F@n	7	0.4454643395819866	[NR_OF_TYPES]	/Users/ricardousbeck/Dropbox/Dissertation/git-workspace/hawk/resources/qald-4_hybrid_train.xml>
21:04:01,074 INFO [org.aksw.hawk.controller.Pipeline.run] 144 - <F@n	8	0.47487610428786897	[NR_OF_TYPES]	/Users/ricardousbeck/Dropbox/Dissertation/git-workspace/hawk/resources/qald-4_hybrid_train.xml>
21:04:26,773 INFO [org.aksw.hawk.controller.Pipeline.run] 144 - <F@n	9	0.4805322128851541	[NR_OF_TYPES]	/Users/ricardousbeck/Dropbox/Dissertation/git-workspace/hawk/resources/qald-4_hybrid_train.xml>
21:04:53,054 INFO [org.aksw.hawk.controller.Pipeline.run] 144 - <F@n	10	0.4805322128851541	[NR_OF_TYPES]	/Users/ricardousbeck/Dropbox/Dissertation/git-workspace/hawk/resources/qald-4_hybrid_train.xml>
21:05:18,784 INFO [org.aksw.hawk.controller.Pipeline.run] 144 - <F@n	20	0.5785714285714286	[NR_OF_TYPES]	/Users/ricardousbeck/Dropbox/Dissertation/git-workspace/hawk/resources/qald-4_hybrid_train.xml>
21:05:44,477 INFO [org.aksw.hawk.controller.Pipeline.run] 144 - <F@n	30	0.5798642533936652	[NR_OF_TYPES]	/Users/ricardousbeck/Dropbox/Dissertation/git-workspace/hawk/resources/qald-4_hybrid_train.xml>
21:06:10,695 INFO [org.aksw.hawk.controller.Pipeline.run] 144 - <F@n	40	0.5867846686185787	[NR_OF_TYPES]	/Users/ricardousbeck/Dropbox/Dissertation/git-workspace/hawk/resources/qald-4_hybrid_train.xml>
21:06:36,808 INFO [org.aksw.hawk.controller.Pipeline.run] 144 - <F@n	50	0.6218810601163542	[NR_OF_TYPES]	/Users/ricardousbeck/Dropbox/Dissertation/git-workspace/hawk/resources/qald-4_hybrid_train.xml>
21:07:02,982 INFO [org.aksw.hawk.controller.Pipeline.run] 144 - <F@n	1	0.2338935574229692	[PATTERN, NR_OF_TYPES]	/Users/ricardousbeck/Dropbox/Dissertation/git-workspace/hawk/resources/qald-4_hybrid_train.xml>
21:07:28,753 INFO [org.aksw.hawk.controller.Pipeline.run] 144 - <F@n	2	0.28095238095238095	[PATTERN, NR_OF_TYPES]	/Users/ricardousbeck/Dropbox/Dissertation/git-workspace/hawk/resources/qald-4_hybrid_train.xml>
21:07:54,815 INFO [org.aksw.hawk.controller.Pipeline.run] 144 - <F@n	3	0.2984055160525749	[PATTERN, NR_OF_TYPES]	/Users/ricardousbeck/Dropbox/Dissertation/git-workspace/hawk/resources/qald-4_hybrid_train.xml>
21:08:20,670 INFO [org.aksw.hawk.controller.Pipeline.run] 144 - <F@n	4	0.38664081017022195	[PATTERN, NR_OF_TYPES]	/Users/ricardousbeck/Dropbox/Dissertation/git-workspace/hawk/resources/qald-4_hybrid_train.xml>
21:08:46,448 INFO [org.aksw.hawk.controller.Pipeline.run] 144 - <F@n	5	0.38664081017022195	[PATTERN, NR_OF_TYPES]	/Users/ricardousbeck/Dropbox/Dissertation/git-workspace/hawk/resources/qald-4_hybrid_train.xml>
21:09:12,294 INFO [org.aksw.hawk.controller.Pipeline.run] 144 - <F@n	6	0.38664081017022195	[PATTERN, NR_OF_TYPES]	/Users/ricardousbeck/Dropbox/Dissertation/git-workspace/hawk/resources/qald-4_hybrid_train.xml>
21:09:38,099 INFO [org.aksw.hawk.controller.Pipeline.run] 144 - <F@n	7	0.4454643395819866	[PATTERN, NR_OF_TYPES]	/Users/ricardousbeck/Dropbox/Dissertation/git-workspace/hawk/resources/qald-4_hybrid_train.xml>
21:10:03,951 INFO [org.aksw.hawk.controller.Pipeline.run] 144 - <F@n	8	0.47487610428786897	[PATTERN, NR_OF_TYPES]	/Users/ricardousbeck/Dropbox/Dissertation/git-workspace/hawk/resources/qald-4_hybrid_train.xml>
21:10:30,009 INFO [org.aksw.hawk.controller.Pipeline.run] 144 - <F@n	9	0.5225490196078432	[PATTERN, NR_OF_TYPES]	/Users/ricardousbeck/Dropbox/Dissertation/git-workspace/hawk/resources/qald-4_hybrid_train.xml>
21:10:55,844 INFO [org.aksw.hawk.controller.Pipeline.run] 144 - <F@n	10	0.5813725490196079	[PATTERN, NR_OF_TYPES]	/Users/ricardousbeck/Dropbox/Dissertation/git-workspace/hawk/resources/qald-4_hybrid_train.xml>
21:11:21,636 INFO [org.aksw.hawk.controller.Pipeline.run] 144 - <F@n	20	0.6205882352941177	[PATTERN, NR_OF_TYPES]	/Users/ricardousbeck/Dropbox/Dissertation/git-workspace/hawk/resources/qald-4_hybrid_train.xml>
21:11:48,309 INFO [org.aksw.hawk.controller.Pipeline.run] 144 - <F@n	30	0.6218810601163542	[PATTERN, NR_OF_TYPES]	/Users/ricardousbeck/Dropbox/Dissertation/git-workspace/hawk/resources/qald-4_hybrid_train.xml>
21:12:14,255 INFO [org.aksw.hawk.controller.Pipeline.run] 144 - <F@n	40	0.6218810601163542	[PATTERN, NR_OF_TYPES]	/Users/ricardousbeck/Dropbox/Dissertation/git-workspace/hawk/resources/qald-4_hybrid_train.xml>
21:12:40,019 INFO [org.aksw.hawk.controller.Pipeline.run] 144 - <F@n	50	0.6218810601163542	[PATTERN, NR_OF_TYPES]	/Users/ricardousbeck/Dropbox/Dissertation/git-workspace/hawk/resources/qald-4_hybrid_train.xml>
21:13:06,215 INFO [org.aksw.hawk.controller.Pipeline.run] 144 - <F@n	1	0.15546218487394958	[PREDICATES, NR_OF_TYPES]	/Users/ricardousbeck/Dropbox/Dissertation/git-workspace/hawk/resources/qald-4_hybrid_train.xml>
21:13:33,242 INFO [org.aksw.hawk.controller.Pipeline.run] 144 - <F@n	2	0.22212885154061623	[PREDICATES, NR_OF_TYPES]	/Users/ricardousbeck/Dropbox/Dissertation/git-workspace/hawk/resources/qald-4_hybrid_train.xml>
21:13:59,284 INFO [org.aksw.hawk.controller.Pipeline.run] 144 - <F@n	3	0.3278172807584573	[PREDICATES, NR_OF_TYPES]	/Users/ricardousbeck/Dropbox/Dissertation/git-workspace/hawk/resources/qald-4_hybrid_train.xml>
21:14:25,235 INFO [org.aksw.hawk.controller.Pipeline.run] 144 - <F@n	4	0.38664081017022195	[PREDICATES, NR_OF_TYPES]	/Users/ricardousbeck/Dropbox/Dissertation/git-workspace/hawk/resources/qald-4_hybrid_train.xml>
21:14:51,526 INFO [org.aksw.hawk.controller.Pipeline.run] 144 - <F@n	5	0.38664081017022195	[PREDICATES, NR_OF_TYPES]	/Users/ricardousbeck/Dropbox/Dissertation/git-workspace/hawk/resources/qald-4_hybrid_train.xml>
21:15:17,630 INFO [org.aksw.hawk.controller.Pipeline.run] 144 - <F@n	6	0.38664081017022195	[PREDICATES, NR_OF_TYPES]	/Users/ricardousbeck/Dropbox/Dissertation/git-workspace/hawk/resources/qald-4_hybrid_train.xml>
21:15:43,524 INFO [org.aksw.hawk.controller.Pipeline.run] 144 - <F@n	7	0.4454643395819866	[PREDICATES, NR_OF_TYPES]	/Users/ricardousbeck/Dropbox/Dissertation/git-workspace/hawk/resources/qald-4_hybrid_train.xml>
21:16:09,633 INFO [org.aksw.hawk.controller.Pipeline.run] 144 - <F@n	8	0.47487610428786897	[PREDICATES, NR_OF_TYPES]	/Users/ricardousbeck/Dropbox/Dissertation/git-workspace/hawk/resources/qald-4_hybrid_train.xml>
21:16:35,901 INFO [org.aksw.hawk.controller.Pipeline.run] 144 - <F@n	9	0.4805322128851541	[PREDICATES, NR_OF_TYPES]	/Users/ricardousbeck/Dropbox/Dissertation/git-workspace/hawk/resources/qald-4_hybrid_train.xml>
21:17:02,098 INFO [org.aksw.hawk.controller.Pipeline.run] 144 - <F@n	10	0.4805322128851541	[PREDICATES, NR_OF_TYPES]	/Users/ricardousbeck/Dropbox/Dissertation/git-workspace/hawk/resources/qald-4_hybrid_train.xml>
21:17:28,130 INFO [org.aksw.hawk.controller.Pipeline.run] 144 - <F@n	20	0.5785714285714286	[PREDICATES, NR_OF_TYPES]	/Users/ricardousbeck/Dropbox/Dissertation/git-workspace/hawk/resources/qald-4_hybrid_train.xml>
21:17:54,647 INFO [org.aksw.hawk.controller.Pipeline.run] 144 - <F@n	30	0.5798642533936652	[PREDICATES, NR_OF_TYPES]	/Users/ricardousbeck/Dropbox/Dissertation/git-workspace/hawk/resources/qald-4_hybrid_train.xml>
21:18:20,757 INFO [org.aksw.hawk.controller.Pipeline.run] 144 - <F@n	40	0.5867846686185787	[PREDICATES, NR_OF_TYPES]	/Users/ricardousbeck/Dropbox/Dissertation/git-workspace/hawk/resources/qald-4_hybrid_train.xml>
21:18:47,363 INFO [org.aksw.hawk.controller.Pipeline.run] 144 - <F@n	50	0.6218810601163542	[PREDICATES, NR_OF_TYPES]	/Users/ricardousbeck/Dropbox/Dissertation/git-workspace/hawk/resources/qald-4_hybrid_train.xml>
21:19:14,001 INFO [org.aksw.hawk.controller.Pipeline.run] 144 - <F@n	1	0.21428571428571427	[PATTERN, PREDICATES, NR_OF_TYPES]	/Users/ricardousbeck/Dropbox/Dissertation/git-workspace/hawk/resources/qald-4_hybrid_train.xml>
21:19:40,032 INFO [org.aksw.hawk.controller.Pipeline.run] 144 - <F@n	2	0.2338935574229692	[PATTERN, PREDICATES, NR_OF_TYPES]	/Users/ricardousbeck/Dropbox/Dissertation/git-workspace/hawk/resources/qald-4_hybrid_train.xml>
21:20:06,584 INFO [org.aksw.hawk.controller.Pipeline.run] 144 - <F@n	3	0.2984055160525749	[PATTERN, PREDICATES, NR_OF_TYPES]	/Users/ricardousbeck/Dropbox/Dissertation/git-workspace/hawk/resources/qald-4_hybrid_train.xml>
21:20:32,610 INFO [org.aksw.hawk.controller.Pipeline.run] 144 - <F@n	4	0.38664081017022195	[PATTERN, PREDICATES, NR_OF_TYPES]	/Users/ricardousbeck/Dropbox/Dissertation/git-workspace/hawk/resources/qald-4_hybrid_train.xml>
21:20:58,699 INFO [org.aksw.hawk.controller.Pipeline.run] 144 - <F@n	5	0.38664081017022195	[PATTERN, PREDICATES, NR_OF_TYPES]	/Users/ricardousbeck/Dropbox/Dissertation/git-workspace/hawk/resources/qald-4_hybrid_train.xml>
21:21:25,139 INFO [org.aksw.hawk.controller.Pipeline.run] 144 - <F@n	6	0.4454643395819866	[PATTERN, PREDICATES, NR_OF_TYPES]	/Users/ricardousbeck/Dropbox/Dissertation/git-workspace/hawk/resources/qald-4_hybrid_train.xml>
21:21:51,417 INFO [org.aksw.hawk.controller.Pipeline.run] 144 - <F@n	7	0.4454643395819866	[PATTERN, PREDICATES, NR_OF_TYPES]	/Users/ricardousbeck/Dropbox/Dissertation/git-workspace/hawk/resources/qald-4_hybrid_train.xml>
21:22:17,518 INFO [org.aksw.hawk.controller.Pipeline.run] 144 - <F@n	8	0.5168929110105581	[PATTERN, PREDICATES, NR_OF_TYPES]	/Users/ricardousbeck/Dropbox/Dissertation/git-workspace/hawk/resources/qald-4_hybrid_train.xml>
21:22:43,487 INFO [org.aksw.hawk.controller.Pipeline.run] 144 - <F@n	9	0.5813725490196079	[PATTERN, PREDICATES, NR_OF_TYPES]	/Users/ricardousbeck/Dropbox/Dissertation/git-workspace/hawk/resources/qald-4_hybrid_train.xml>
21:23:10,087 INFO [org.aksw.hawk.controller.Pipeline.run] 144 - <F@n	10	0.5813725490196079	[PATTERN, PREDICATES, NR_OF_TYPES]	/Users/ricardousbeck/Dropbox/Dissertation/git-workspace/hawk/resources/qald-4_hybrid_train.xml>
21:23:39,046 INFO [org.aksw.hawk.controller.Pipeline.run] 144 - <F@n	20	0.6205882352941177	[PATTERN, PREDICATES, NR_OF_TYPES]	/Users/ricardousbeck/Dropbox/Dissertation/git-workspace/hawk/resources/qald-4_hybrid_train.xml>
21:24:06,381 INFO [org.aksw.hawk.controller.Pipeline.run] 144 - <F@n	30	0.6218810601163542	[PATTERN, PREDICATES, NR_OF_TYPES]	/Users/ricardousbeck/Dropbox/Dissertation/git-workspace/hawk/resources/qald-4_hybrid_train.xml>
21:24:32,408 INFO [org.aksw.hawk.controller.Pipeline.run] 144 - <F@n	40	0.6218810601163542	[PATTERN, PREDICATES, NR_OF_TYPES]	/Users/ricardousbeck/Dropbox/Dissertation/git-workspace/hawk/resources/qald-4_hybrid_train.xml>
21:24:58,951 INFO [org.aksw.hawk.controller.Pipeline.run] 144 - <F@n	50	0.6218810601163542	[PATTERN, PREDICATES, NR_OF_TYPES]	/Users/ricardousbeck/Dropbox/Dissertation/git-workspace/hawk/resources/qald-4_hybrid_train.xml>
21:25:25,104 INFO [org.aksw.hawk.controller.Pipeline.run] 144 - <F@n	1	0.1750700280112045	[NR_OF_TERMS]	/Users/ricardousbeck/Dropbox/Dissertation/git-workspace/hawk/resources/qald-4_hybrid_train.xml>
21:25:51,159 INFO [org.aksw.hawk.controller.Pipeline.run] 144 - <F@n	2	0.28095238095238095	[NR_OF_TERMS]	/Users/ricardousbeck/Dropbox/Dissertation/git-workspace/hawk/resources/qald-4_hybrid_train.xml>
21:26:17,167 INFO [org.aksw.hawk.controller.Pipeline.run] 144 - <F@n	3	0.3278172807584573	[NR_OF_TERMS]	/Users/ricardousbeck/Dropbox/Dissertation/git-workspace/hawk/resources/qald-4_hybrid_train.xml>
21:26:43,628 INFO [org.aksw.hawk.controller.Pipeline.run] 144 - <F@n	4	0.38664081017022195	[NR_OF_TERMS]	/Users/ricardousbeck/Dropbox/Dissertation/git-workspace/hawk/resources/qald-4_hybrid_train.xml>
21:27:09,913 INFO [org.aksw.hawk.controller.Pipeline.run] 144 - <F@n	5	0.38664081017022195	[NR_OF_TERMS]	/Users/ricardousbeck/Dropbox/Dissertation/git-workspace/hawk/resources/qald-4_hybrid_train.xml>
21:27:36,065 INFO [org.aksw.hawk.controller.Pipeline.run] 144 - <F@n	6	0.38664081017022195	[NR_OF_TERMS]	/Users/ricardousbeck/Dropbox/Dissertation/git-workspace/hawk/resources/qald-4_hybrid_train.xml>
21:28:02,190 INFO [org.aksw.hawk.controller.Pipeline.run] 144 - <F@n	7	0.4454643395819866	[NR_OF_TERMS]	/Users/ricardousbeck/Dropbox/Dissertation/git-workspace/hawk/resources/qald-4_hybrid_train.xml>
21:28:28,677 INFO [org.aksw.hawk.controller.Pipeline.run] 144 - <F@n	8	0.47487610428786897	[NR_OF_TERMS]	/Users/ricardousbeck/Dropbox/Dissertation/git-workspace/hawk/resources/qald-4_hybrid_train.xml>
21:28:54,702 INFO [org.aksw.hawk.controller.Pipeline.run] 144 - <F@n	9	0.4805322128851541	[NR_OF_TERMS]	/Users/ricardousbeck/Dropbox/Dissertation/git-workspace/hawk/resources/qald-4_hybrid_train.xml>
21:29:20,716 INFO [org.aksw.hawk.controller.Pipeline.run] 144 - <F@n	10	0.4805322128851541	[NR_OF_TERMS]	/Users/ricardousbeck/Dropbox/Dissertation/git-workspace/hawk/resources/qald-4_hybrid_train.xml>
21:29:46,843 INFO [org.aksw.hawk.controller.Pipeline.run] 144 - <F@n	20	0.5785714285714286	[NR_OF_TERMS]	/Users/ricardousbeck/Dropbox/Dissertation/git-workspace/hawk/resources/qald-4_hybrid_train.xml>
21:30:12,932 INFO [org.aksw.hawk.controller.Pipeline.run] 144 - <F@n	30	0.5798642533936652	[NR_OF_TERMS]	/Users/ricardousbeck/Dropbox/Dissertation/git-workspace/hawk/resources/qald-4_hybrid_train.xml>
21:30:38,968 INFO [org.aksw.hawk.controller.Pipeline.run] 144 - <F@n	40	0.5867846686185787	[NR_OF_TERMS]	/Users/ricardousbeck/Dropbox/Dissertation/git-workspace/hawk/resources/qald-4_hybrid_train.xml>
21:31:05,167 INFO [org.aksw.hawk.controller.Pipeline.run] 144 - <F@n	50	0.6218810601163542	[NR_OF_TERMS]	/Users/ricardousbeck/Dropbox/Dissertation/git-workspace/hawk/resources/qald-4_hybrid_train.xml>
21:31:31,412 INFO [org.aksw.hawk.controller.Pipeline.run] 144 - <F@n	1	0.2338935574229692	[PATTERN, NR_OF_TERMS]	/Users/ricardousbeck/Dropbox/Dissertation/git-workspace/hawk/resources/qald-4_hybrid_train.xml>
21:31:57,712 INFO [org.aksw.hawk.controller.Pipeline.run] 144 - <F@n	2	0.28095238095238095	[PATTERN, NR_OF_TERMS]	/Users/ricardousbeck/Dropbox/Dissertation/git-workspace/hawk/resources/qald-4_hybrid_train.xml>
21:32:23,716 INFO [org.aksw.hawk.controller.Pipeline.run] 144 - <F@n	3	0.3278172807584573	[PATTERN, NR_OF_TERMS]	/Users/ricardousbeck/Dropbox/Dissertation/git-workspace/hawk/resources/qald-4_hybrid_train.xml>
21:32:50,158 INFO [org.aksw.hawk.controller.Pipeline.run] 144 - <F@n	4	0.38664081017022195	[PATTERN, NR_OF_TERMS]	/Users/ricardousbeck/Dropbox/Dissertation/git-workspace/hawk/resources/qald-4_hybrid_train.xml>
21:33:16,357 INFO [org.aksw.hawk.controller.Pipeline.run] 144 - <F@n	5	0.4454643395819866	[PATTERN, NR_OF_TERMS]	/Users/ricardousbeck/Dropbox/Dissertation/git-workspace/hawk/resources/qald-4_hybrid_train.xml>
21:33:42,385 INFO [org.aksw.hawk.controller.Pipeline.run] 144 - <F@n	6	0.4454643395819866	[PATTERN, NR_OF_TERMS]	/Users/ricardousbeck/Dropbox/Dissertation/git-workspace/hawk/resources/qald-4_hybrid_train.xml>
21:34:08,893 INFO [org.aksw.hawk.controller.Pipeline.run] 144 - <F@n	7	0.4846800258564965	[PATTERN, NR_OF_TERMS]	/Users/ricardousbeck/Dropbox/Dissertation/git-workspace/hawk/resources/qald-4_hybrid_train.xml>
21:34:35,021 INFO [org.aksw.hawk.controller.Pipeline.run] 144 - <F@n	8	0.5140917905623789	[PATTERN, NR_OF_TERMS]	/Users/ricardousbeck/Dropbox/Dissertation/git-workspace/hawk/resources/qald-4_hybrid_train.xml>
21:35:01,294 INFO [org.aksw.hawk.controller.Pipeline.run] 144 - <F@n	9	0.5197478991596639	[PATTERN, NR_OF_TERMS]	/Users/ricardousbeck/Dropbox/Dissertation/git-workspace/hawk/resources/qald-4_hybrid_train.xml>
21:35:27,314 INFO [org.aksw.hawk.controller.Pipeline.run] 144 - <F@n	10	0.5197478991596639	[PATTERN, NR_OF_TERMS]	/Users/ricardousbeck/Dropbox/Dissertation/git-workspace/hawk/resources/qald-4_hybrid_train.xml>
21:35:54,076 INFO [org.aksw.hawk.controller.Pipeline.run] 144 - <F@n	20	0.5785714285714286	[PATTERN, NR_OF_TERMS]	/Users/ricardousbeck/Dropbox/Dissertation/git-workspace/hawk/resources/qald-4_hybrid_train.xml>
21:36:20,898 INFO [org.aksw.hawk.controller.Pipeline.run] 144 - <F@n	30	0.5798642533936652	[PATTERN, NR_OF_TERMS]	/Users/ricardousbeck/Dropbox/Dissertation/git-workspace/hawk/resources/qald-4_hybrid_train.xml>
21:36:47,158 INFO [org.aksw.hawk.controller.Pipeline.run] 144 - <F@n	40	0.5867846686185787	[PATTERN, NR_OF_TERMS]	/Users/ricardousbeck/Dropbox/Dissertation/git-workspace/hawk/resources/qald-4_hybrid_train.xml>
21:37:13,473 INFO [org.aksw.hawk.controller.Pipeline.run] 144 - <F@n	50	0.6218810601163542	[PATTERN, NR_OF_TERMS]	/Users/ricardousbeck/Dropbox/Dissertation/git-workspace/hawk/resources/qald-4_hybrid_train.xml>
21:37:39,968 INFO [org.aksw.hawk.controller.Pipeline.run] 144 - <F@n	1	0.22549019607843138	[PREDICATES, NR_OF_TERMS]	/Users/ricardousbeck/Dropbox/Dissertation/git-workspace/hawk/resources/qald-4_hybrid_train.xml>
21:38:06,171 INFO [org.aksw.hawk.controller.Pipeline.run] 144 - <F@n	2	0.28095238095238095	[PREDICATES, NR_OF_TERMS]	/Users/ricardousbeck/Dropbox/Dissertation/git-workspace/hawk/resources/qald-4_hybrid_train.xml>
21:38:32,293 INFO [org.aksw.hawk.controller.Pipeline.run] 144 - <F@n	3	0.29000215470803714	[PREDICATES, NR_OF_TERMS]	/Users/ricardousbeck/Dropbox/Dissertation/git-workspace/hawk/resources/qald-4_hybrid_train.xml>
21:38:58,646 INFO [org.aksw.hawk.controller.Pipeline.run] 144 - <F@n	4	0.38664081017022195	[PREDICATES, NR_OF_TERMS]	/Users/ricardousbeck/Dropbox/Dissertation/git-workspace/hawk/resources/qald-4_hybrid_train.xml>
21:39:25,277 INFO [org.aksw.hawk.controller.Pipeline.run] 144 - <F@n	5	0.38664081017022195	[PREDICATES, NR_OF_TERMS]	/Users/ricardousbeck/Dropbox/Dissertation/git-workspace/hawk/resources/qald-4_hybrid_train.xml>
21:39:51,555 INFO [org.aksw.hawk.controller.Pipeline.run] 144 - <F@n	6	0.38664081017022195	[PREDICATES, NR_OF_TERMS]	/Users/ricardousbeck/Dropbox/Dissertation/git-workspace/hawk/resources/qald-4_hybrid_train.xml>
21:40:17,590 INFO [org.aksw.hawk.controller.Pipeline.run] 144 - <F@n	7	0.4846800258564965	[PREDICATES, NR_OF_TERMS]	/Users/ricardousbeck/Dropbox/Dissertation/git-workspace/hawk/resources/qald-4_hybrid_train.xml>
21:40:44,025 INFO [org.aksw.hawk.controller.Pipeline.run] 144 - <F@n	8	0.5140917905623789	[PREDICATES, NR_OF_TERMS]	/Users/ricardousbeck/Dropbox/Dissertation/git-workspace/hawk/resources/qald-4_hybrid_train.xml>
21:41:10,663 INFO [org.aksw.hawk.controller.Pipeline.run] 144 - <F@n	9	0.5197478991596639	[PREDICATES, NR_OF_TERMS]	/Users/ricardousbeck/Dropbox/Dissertation/git-workspace/hawk/resources/qald-4_hybrid_train.xml>
21:41:36,798 INFO [org.aksw.hawk.controller.Pipeline.run] 144 - <F@n	10	0.5785714285714286	[PREDICATES, NR_OF_TERMS]	/Users/ricardousbeck/Dropbox/Dissertation/git-workspace/hawk/resources/qald-4_hybrid_train.xml>
21:42:03,246 INFO [org.aksw.hawk.controller.Pipeline.run] 144 - <F@n	20	0.5785714285714286	[PREDICATES, NR_OF_TERMS]	/Users/ricardousbeck/Dropbox/Dissertation/git-workspace/hawk/resources/qald-4_hybrid_train.xml>
21:42:36,725 INFO [org.aksw.hawk.controller.Pipeline.run] 144 - <F@n	30	0.5785714285714286	[PREDICATES, NR_OF_TERMS]	/Users/ricardousbeck/Dropbox/Dissertation/git-workspace/hawk/resources/qald-4_hybrid_train.xml>
21:43:20,267 INFO [org.aksw.hawk.controller.Pipeline.run] 144 - <F@n	40	0.624707530070852	[PREDICATES, NR_OF_TERMS]	/Users/ricardousbeck/Dropbox/Dissertation/git-workspace/hawk/resources/qald-4_hybrid_train.xml>
21:44:14,867 INFO [org.aksw.hawk.controller.Pipeline.run] 144 - <F@n	50	0.7199202758026287	[PREDICATES, NR_OF_TERMS]	/Users/ricardousbeck/Dropbox/Dissertation/git-workspace/hawk/resources/qald-4_hybrid_train.xml>
21:44:48,432 INFO [org.aksw.hawk.controller.Pipeline.run] 144 - <F@n	1	0.09728506787330315	[PATTERN, PREDICATES, NR_OF_TERMS]	/Users/ricardousbeck/Dropbox/Dissertation/git-workspace/hawk/resources/qald-4_hybrid_train.xml>
21:45:20,451 INFO [org.aksw.hawk.controller.Pipeline.run] 144 - <F@n	2	0.10568842921784097	[PATTERN, PREDICATES, NR_OF_TERMS]	/Users/ricardousbeck/Dropbox/Dissertation/git-workspace/hawk/resources/qald-4_hybrid_train.xml>
21:46:04,761 INFO [org.aksw.hawk.controller.Pipeline.run] 144 - <F@n	3	0.10568842921784097	[PATTERN, PREDICATES, NR_OF_TERMS]	/Users/ricardousbeck/Dropbox/Dissertation/git-workspace/hawk/resources/qald-4_hybrid_train.xml>
21:46:38,669 INFO [org.aksw.hawk.controller.Pipeline.run] 144 - <F@n	4	0.21302227184580125	[PATTERN, PREDICATES, NR_OF_TERMS]	/Users/ricardousbeck/Dropbox/Dissertation/git-workspace/hawk/resources/qald-4_hybrid_train.xml>
21:47:18,012 INFO [org.aksw.hawk.controller.Pipeline.run] 144 - <F@n	5	0.22193492781728075	[PATTERN, PREDICATES, NR_OF_TERMS]	/Users/ricardousbeck/Dropbox/Dissertation/git-workspace/hawk/resources/qald-4_hybrid_train.xml>
21:47:50,305 INFO [org.aksw.hawk.controller.Pipeline.run] 144 - <F@n	6	0.3395819866408102	[PATTERN, PREDICATES, NR_OF_TERMS]	/Users/ricardousbeck/Dropbox/Dissertation/git-workspace/hawk/resources/qald-4_hybrid_train.xml>
21:48:22,535 INFO [org.aksw.hawk.controller.Pipeline.run] 144 - <F@n	7	0.4846800258564965	[PATTERN, PREDICATES, NR_OF_TERMS]	/Users/ricardousbeck/Dropbox/Dissertation/git-workspace/hawk/resources/qald-4_hybrid_train.xml>
21:48:56,289 INFO [org.aksw.hawk.controller.Pipeline.run] 144 - <F@n	8	0.5533074768368887	[PATTERN, PREDICATES, NR_OF_TERMS]	/Users/ricardousbeck/Dropbox/Dissertation/git-workspace/hawk/resources/qald-4_hybrid_train.xml>
21:49:29,935 INFO [org.aksw.hawk.controller.Pipeline.run] 144 - <F@n	9	0.5533074768368887	[PATTERN, PREDICATES, NR_OF_TERMS]	/Users/ricardousbeck/Dropbox/Dissertation/git-workspace/hawk/resources/qald-4_hybrid_train.xml>
21:50:03,136 INFO [org.aksw.hawk.controller.Pipeline.run] 144 - <F@n	10	0.6121310062486535	[PATTERN, PREDICATES, NR_OF_TERMS]	/Users/ricardousbeck/Dropbox/Dissertation/git-workspace/hawk/resources/qald-4_hybrid_train.xml>
21:50:35,419 INFO [org.aksw.hawk.controller.Pipeline.run] 144 - <F@n	20	0.6709545356604182	[PATTERN, PREDICATES, NR_OF_TERMS]	/Users/ricardousbeck/Dropbox/Dissertation/git-workspace/hawk/resources/qald-4_hybrid_train.xml>
21:51:07,965 INFO [org.aksw.hawk.controller.Pipeline.run] 144 - <F@n	30	0.6766106442577031	[PATTERN, PREDICATES, NR_OF_TERMS]	/Users/ricardousbeck/Dropbox/Dissertation/git-workspace/hawk/resources/qald-4_hybrid_train.xml>
21:51:39,937 INFO [org.aksw.hawk.controller.Pipeline.run] 144 - <F@n	40	0.6835310594826167	[PATTERN, PREDICATES, NR_OF_TERMS]	/Users/ricardousbeck/Dropbox/Dissertation/git-workspace/hawk/resources/qald-4_hybrid_train.xml>
21:52:14,917 INFO [org.aksw.hawk.controller.Pipeline.run] 144 - <F@n	50	0.7199202758026287	[PATTERN, PREDICATES, NR_OF_TERMS]	/Users/ricardousbeck/Dropbox/Dissertation/git-workspace/hawk/resources/qald-4_hybrid_train.xml>
21:52:47,167 INFO [org.aksw.hawk.controller.Pipeline.run] 144 - <F@n	1	0.10568842921784097	[NR_OF_TYPES, NR_OF_TERMS]	/Users/ricardousbeck/Dropbox/Dissertation/git-workspace/hawk/resources/qald-4_hybrid_train.xml>
21:53:20,299 INFO [org.aksw.hawk.controller.Pipeline.run] 144 - <F@n	2	0.10568842921784097	[NR_OF_TYPES, NR_OF_TERMS]	/Users/ricardousbeck/Dropbox/Dissertation/git-workspace/hawk/resources/qald-4_hybrid_train.xml>
21:53:57,677 INFO [org.aksw.hawk.controller.Pipeline.run] 144 - <F@n	3	0.1247869777281542	[NR_OF_TYPES, NR_OF_TERMS]	/Users/ricardousbeck/Dropbox/Dissertation/git-workspace/hawk/resources/qald-4_hybrid_train.xml>
21:54:35,806 INFO [org.aksw.hawk.controller.Pipeline.run] 144 - <F@n	4	0.21302227184580125	[NR_OF_TYPES, NR_OF_TERMS]	/Users/ricardousbeck/Dropbox/Dissertation/git-workspace/hawk/resources/qald-4_hybrid_train.xml>
21:55:15,329 INFO [org.aksw.hawk.controller.Pipeline.run] 144 - <F@n	5	0.22193492781728075	[NR_OF_TYPES, NR_OF_TERMS]	/Users/ricardousbeck/Dropbox/Dissertation/git-workspace/hawk/resources/qald-4_hybrid_train.xml>
21:56:00,804 INFO [org.aksw.hawk.controller.Pipeline.run] 144 - <F@n	6	0.3395819866408102	[NR_OF_TYPES, NR_OF_TERMS]	/Users/ricardousbeck/Dropbox/Dissertation/git-workspace/hawk/resources/qald-4_hybrid_train.xml>
21:56:38,821 INFO [org.aksw.hawk.controller.Pipeline.run] 144 - <F@n	7	0.4454643395819866	[NR_OF_TYPES, NR_OF_TERMS]	/Users/ricardousbeck/Dropbox/Dissertation/git-workspace/hawk/resources/qald-4_hybrid_train.xml>
21:57:23,903 INFO [org.aksw.hawk.controller.Pipeline.run] 144 - <F@n	8	0.5140917905623789	[NR_OF_TYPES, NR_OF_TERMS]	/Users/ricardousbeck/Dropbox/Dissertation/git-workspace/hawk/resources/qald-4_hybrid_train.xml>
21:58:07,349 INFO [org.aksw.hawk.controller.Pipeline.run] 144 - <F@n	9	0.5140917905623789	[NR_OF_TYPES, NR_OF_TERMS]	/Users/ricardousbeck/Dropbox/Dissertation/git-workspace/hawk/resources/qald-4_hybrid_train.xml>
21:58:45,057 INFO [org.aksw.hawk.controller.Pipeline.run] 144 - <F@n	10	0.5140917905623789	[NR_OF_TYPES, NR_OF_TERMS]	/Users/ricardousbeck/Dropbox/Dissertation/git-workspace/hawk/resources/qald-4_hybrid_train.xml>
21:59:22,265 INFO [org.aksw.hawk.controller.Pipeline.run] 144 - <F@n	20	0.6709545356604182	[NR_OF_TYPES, NR_OF_TERMS]	/Users/ricardousbeck/Dropbox/Dissertation/git-workspace/hawk/resources/qald-4_hybrid_train.xml>
22:00:06,634 INFO [org.aksw.hawk.controller.Pipeline.run] 144 - <F@n	30	0.6779034690799397	[NR_OF_TYPES, NR_OF_TERMS]	/Users/ricardousbeck/Dropbox/Dissertation/git-workspace/hawk/resources/qald-4_hybrid_train.xml>
22:00:44,923 INFO [org.aksw.hawk.controller.Pipeline.run] 144 - <F@n	40	0.6848238843048533	[NR_OF_TYPES, NR_OF_TERMS]	/Users/ricardousbeck/Dropbox/Dissertation/git-workspace/hawk/resources/qald-4_hybrid_train.xml>
22:01:27,360 INFO [org.aksw.hawk.controller.Pipeline.run] 144 - <F@n	50	0.7199202758026287	[NR_OF_TYPES, NR_OF_TERMS]	/Users/ricardousbeck/Dropbox/Dissertation/git-workspace/hawk/resources/qald-4_hybrid_train.xml>
22:02:15,187 INFO [org.aksw.hawk.controller.Pipeline.run] 144 - <F@n	1	0.10568842921784097	[PATTERN, NR_OF_TYPES, NR_OF_TERMS]	/Users/ricardousbeck/Dropbox/Dissertation/git-workspace/hawk/resources/qald-4_hybrid_train.xml>
22:02:54,467 INFO [org.aksw.hawk.controller.Pipeline.run] 144 - <F@n	2	0.10568842921784097	[PATTERN, NR_OF_TYPES, NR_OF_TERMS]	/Users/ricardousbeck/Dropbox/Dissertation/git-workspace/hawk/resources/qald-4_hybrid_train.xml>
22:03:45,721 INFO [org.aksw.hawk.controller.Pipeline.run] 144 - <F@n	3	0.1247869777281542	[PATTERN, NR_OF_TYPES, NR_OF_TERMS]	/Users/ricardousbeck/Dropbox/Dissertation/git-workspace/hawk/resources/qald-4_hybrid_train.xml>
22:04:31,403 INFO [org.aksw.hawk.controller.Pipeline.run] 144 - <F@n	4	0.21302227184580125	[PATTERN, NR_OF_TYPES, NR_OF_TERMS]	/Users/ricardousbeck/Dropbox/Dissertation/git-workspace/hawk/resources/qald-4_hybrid_train.xml>
22:05:16,191 INFO [org.aksw.hawk.controller.Pipeline.run] 144 - <F@n	5	0.22193492781728075	[PATTERN, NR_OF_TYPES, NR_OF_TERMS]	/Users/ricardousbeck/Dropbox/Dissertation/git-workspace/hawk/resources/qald-4_hybrid_train.xml>
22:05:58,500 INFO [org.aksw.hawk.controller.Pipeline.run] 144 - <F@n	6	0.38664081017022195	[PATTERN, NR_OF_TYPES, NR_OF_TERMS]	/Users/ricardousbeck/Dropbox/Dissertation/git-workspace/hawk/resources/qald-4_hybrid_train.xml>
22:06:48,917 INFO [org.aksw.hawk.controller.Pipeline.run] 144 - <F@n	7	0.4846800258564965	[PATTERN, NR_OF_TYPES, NR_OF_TERMS]	/Users/ricardousbeck/Dropbox/Dissertation/git-workspace/hawk/resources/qald-4_hybrid_train.xml>
22:07:21,199 INFO [org.aksw.hawk.controller.Pipeline.run] 144 - <F@n	8	0.5140917905623789	[PATTERN, NR_OF_TYPES, NR_OF_TERMS]	/Users/ricardousbeck/Dropbox/Dissertation/git-workspace/hawk/resources/qald-4_hybrid_train.xml>
22:07:54,804 INFO [org.aksw.hawk.controller.Pipeline.run] 144 - <F@n	9	0.5533074768368887	[PATTERN, NR_OF_TYPES, NR_OF_TERMS]	/Users/ricardousbeck/Dropbox/Dissertation/git-workspace/hawk/resources/qald-4_hybrid_train.xml>
22:08:29,038 INFO [org.aksw.hawk.controller.Pipeline.run] 144 - <F@n	10	0.6121310062486535	[PATTERN, NR_OF_TYPES, NR_OF_TERMS]	/Users/ricardousbeck/Dropbox/Dissertation/git-workspace/hawk/resources/qald-4_hybrid_train.xml>
22:09:05,956 INFO [org.aksw.hawk.controller.Pipeline.run] 144 - <F@n	20	0.6709545356604182	[PATTERN, NR_OF_TYPES, NR_OF_TERMS]	/Users/ricardousbeck/Dropbox/Dissertation/git-workspace/hawk/resources/qald-4_hybrid_train.xml>
22:09:38,938 INFO [org.aksw.hawk.controller.Pipeline.run] 144 - <F@n	30	0.6779034690799397	[PATTERN, NR_OF_TYPES, NR_OF_TERMS]	/Users/ricardousbeck/Dropbox/Dissertation/git-workspace/hawk/resources/qald-4_hybrid_train.xml>
22:10:16,544 INFO [org.aksw.hawk.controller.Pipeline.run] 144 - <F@n	40	0.6848238843048533	[PATTERN, NR_OF_TYPES, NR_OF_TERMS]	/Users/ricardousbeck/Dropbox/Dissertation/git-workspace/hawk/resources/qald-4_hybrid_train.xml>
22:10:55,172 INFO [org.aksw.hawk.controller.Pipeline.run] 144 - <F@n	50	0.7199202758026287	[PATTERN, NR_OF_TYPES, NR_OF_TERMS]	/Users/ricardousbeck/Dropbox/Dissertation/git-workspace/hawk/resources/qald-4_hybrid_train.xml>
22:11:35,709 INFO [org.aksw.hawk.controller.Pipeline.run] 144 - <F@n	1	0.09728506787330315	[PREDICATES, NR_OF_TYPES, NR_OF_TERMS]	/Users/ricardousbeck/Dropbox/Dissertation/git-workspace/hawk/resources/qald-4_hybrid_train.xml>
22:12:08,385 INFO [org.aksw.hawk.controller.Pipeline.run] 144 - <F@n	2	0.10568842921784097	[PREDICATES, NR_OF_TYPES, NR_OF_TERMS]	/Users/ricardousbeck/Dropbox/Dissertation/git-workspace/hawk/resources/qald-4_hybrid_train.xml>
22:12:42,036 INFO [org.aksw.hawk.controller.Pipeline.run] 144 - <F@n	3	0.11638361638361638	[PREDICATES, NR_OF_TYPES, NR_OF_TERMS]	/Users/ricardousbeck/Dropbox/Dissertation/git-workspace/hawk/resources/qald-4_hybrid_train.xml>
22:13:16,766 INFO [org.aksw.hawk.controller.Pipeline.run] 144 - <F@n	4	0.21302227184580125	[PREDICATES, NR_OF_TYPES, NR_OF_TERMS]	/Users/ricardousbeck/Dropbox/Dissertation/git-workspace/hawk/resources/qald-4_hybrid_train.xml>
22:13:50,285 INFO [org.aksw.hawk.controller.Pipeline.run] 144 - <F@n	5	0.22193492781728075	[PREDICATES, NR_OF_TYPES, NR_OF_TERMS]	/Users/ricardousbeck/Dropbox/Dissertation/git-workspace/hawk/resources/qald-4_hybrid_train.xml>
22:14:23,424 INFO [org.aksw.hawk.controller.Pipeline.run] 144 - <F@n	6	0.38664081017022195	[PREDICATES, NR_OF_TYPES, NR_OF_TERMS]	/Users/ricardousbeck/Dropbox/Dissertation/git-workspace/hawk/resources/qald-4_hybrid_train.xml>
22:15:01,452 INFO [org.aksw.hawk.controller.Pipeline.run] 144 - <F@n	7	0.4846800258564965	[PREDICATES, NR_OF_TYPES, NR_OF_TERMS]	/Users/ricardousbeck/Dropbox/Dissertation/git-workspace/hawk/resources/qald-4_hybrid_train.xml>
22:15:38,852 INFO [org.aksw.hawk.controller.Pipeline.run] 144 - <F@n	8	0.5140917905623789	[PREDICATES, NR_OF_TYPES, NR_OF_TERMS]	/Users/ricardousbeck/Dropbox/Dissertation/git-workspace/hawk/resources/qald-4_hybrid_train.xml>
22:16:13,072 INFO [org.aksw.hawk.controller.Pipeline.run] 144 - <F@n	9	0.5533074768368887	[PREDICATES, NR_OF_TYPES, NR_OF_TERMS]	/Users/ricardousbeck/Dropbox/Dissertation/git-workspace/hawk/resources/qald-4_hybrid_train.xml>
22:16:46,677 INFO [org.aksw.hawk.controller.Pipeline.run] 144 - <F@n	10	0.6121310062486535	[PREDICATES, NR_OF_TYPES, NR_OF_TERMS]	/Users/ricardousbeck/Dropbox/Dissertation/git-workspace/hawk/resources/qald-4_hybrid_train.xml>
22:17:20,078 INFO [org.aksw.hawk.controller.Pipeline.run] 144 - <F@n	20	0.6709545356604182	[PREDICATES, NR_OF_TYPES, NR_OF_TERMS]	/Users/ricardousbeck/Dropbox/Dissertation/git-workspace/hawk/resources/qald-4_hybrid_train.xml>
22:17:53,487 INFO [org.aksw.hawk.controller.Pipeline.run] 144 - <F@n	30	0.6766106442577031	[PREDICATES, NR_OF_TYPES, NR_OF_TERMS]	/Users/ricardousbeck/Dropbox/Dissertation/git-workspace/hawk/resources/qald-4_hybrid_train.xml>
22:18:27,105 INFO [org.aksw.hawk.controller.Pipeline.run] 144 - <F@n	40	0.6835310594826167	[PREDICATES, NR_OF_TYPES, NR_OF_TERMS]	/Users/ricardousbeck/Dropbox/Dissertation/git-workspace/hawk/resources/qald-4_hybrid_train.xml>
22:19:06,522 INFO [org.aksw.hawk.controller.Pipeline.run] 144 - <F@n	50	0.7199202758026287	[PREDICATES, NR_OF_TYPES, NR_OF_TERMS]	/Users/ricardousbeck/Dropbox/Dissertation/git-workspace/hawk/resources/qald-4_hybrid_train.xml>
22:19:45,442 INFO [org.aksw.hawk.controller.Pipeline.run] 144 - <F@n	1	0.09728506787330315	[PATTERN, PREDICATES, NR_OF_TYPES, NR_OF_TERMS]	/Users/ricardousbeck/Dropbox/Dissertation/git-workspace/hawk/resources/qald-4_hybrid_train.xml>
22:20:29,509 INFO [org.aksw.hawk.controller.Pipeline.run] 144 - <F@n	2	0.10568842921784097	[PATTERN, PREDICATES, NR_OF_TYPES, NR_OF_TERMS]	/Users/ricardousbeck/Dropbox/Dissertation/git-workspace/hawk/resources/qald-4_hybrid_train.xml>
22:21:10,425 INFO [org.aksw.hawk.controller.Pipeline.run] 144 - <F@n	3	0.10568842921784097	[PATTERN, PREDICATES, NR_OF_TYPES, NR_OF_TERMS]	/Users/ricardousbeck/Dropbox/Dissertation/git-workspace/hawk/resources/qald-4_hybrid_train.xml>
22:21:58,038 INFO [org.aksw.hawk.controller.Pipeline.run] 144 - <F@n	4	0.21302227184580125	[PATTERN, PREDICATES, NR_OF_TYPES, NR_OF_TERMS]	/Users/ricardousbeck/Dropbox/Dissertation/git-workspace/hawk/resources/qald-4_hybrid_train.xml>
22:22:50,285 INFO [org.aksw.hawk.controller.Pipeline.run] 144 - <F@n	5	0.22193492781728075	[PATTERN, PREDICATES, NR_OF_TYPES, NR_OF_TERMS]	/Users/ricardousbeck/Dropbox/Dissertation/git-workspace/hawk/resources/qald-4_hybrid_train.xml>
22:23:29,987 INFO [org.aksw.hawk.controller.Pipeline.run] 144 - <F@n	6	0.3395819866408102	[PATTERN, PREDICATES, NR_OF_TYPES, NR_OF_TERMS]	/Users/ricardousbeck/Dropbox/Dissertation/git-workspace/hawk/resources/qald-4_hybrid_train.xml>
22:24:07,412 INFO [org.aksw.hawk.controller.Pipeline.run] 144 - <F@n	7	0.4846800258564965	[PATTERN, PREDICATES, NR_OF_TYPES, NR_OF_TERMS]	/Users/ricardousbeck/Dropbox/Dissertation/git-workspace/hawk/resources/qald-4_hybrid_train.xml>
22:24:45,864 INFO [org.aksw.hawk.controller.Pipeline.run] 144 - <F@n	8	0.5533074768368887	[PATTERN, PREDICATES, NR_OF_TYPES, NR_OF_TERMS]	/Users/ricardousbeck/Dropbox/Dissertation/git-workspace/hawk/resources/qald-4_hybrid_train.xml>
22:25:24,927 INFO [org.aksw.hawk.controller.Pipeline.run] 144 - <F@n	9	0.5533074768368887	[PATTERN, PREDICATES, NR_OF_TYPES, NR_OF_TERMS]	/Users/ricardousbeck/Dropbox/Dissertation/git-workspace/hawk/resources/qald-4_hybrid_train.xml>
22:26:05,054 INFO [org.aksw.hawk.controller.Pipeline.run] 144 - <F@n	10	0.6121310062486535	[PATTERN, PREDICATES, NR_OF_TYPES, NR_OF_TERMS]	/Users/ricardousbeck/Dropbox/Dissertation/git-workspace/hawk/resources/qald-4_hybrid_train.xml>
22:26:39,437 INFO [org.aksw.hawk.controller.Pipeline.run] 144 - <F@n	20	0.6709545356604182	[PATTERN, PREDICATES, NR_OF_TYPES, NR_OF_TERMS]	/Users/ricardousbeck/Dropbox/Dissertation/git-workspace/hawk/resources/qald-4_hybrid_train.xml>
22:27:18,742 INFO [org.aksw.hawk.controller.Pipeline.run] 144 - <F@n	30	0.6766106442577031	[PATTERN, PREDICATES, NR_OF_TYPES, NR_OF_TERMS]	/Users/ricardousbeck/Dropbox/Dissertation/git-workspace/hawk/resources/qald-4_hybrid_train.xml>
22:27:52,124 INFO [org.aksw.hawk.controller.Pipeline.run] 144 - <F@n	40	0.6835310594826167	[PATTERN, PREDICATES, NR_OF_TYPES, NR_OF_TERMS]	/Users/ricardousbeck/Dropbox/Dissertation/git-workspace/hawk/resources/qald-4_hybrid_train.xml>
22:28:25,855 INFO [org.aksw.hawk.controller.Pipeline.run] 144 - <F@n	50	0.7199202758026287	[PATTERN, PREDICATES, NR_OF_TYPES, NR_OF_TERMS]	/Users/ricardousbeck/Dropbox/Dissertation/git-workspace/hawk/resources/qald-4_hybrid_train.xml>
22:29:04,221 INFO [org.aksw.hawk.controller.Pipeline.run] 144 - <F@n	1	0.10568842921784097	[NR_OF_CONSTRAINTS]	/Users/ricardousbeck/Dropbox/Dissertation/git-workspace/hawk/resources/qald-4_hybrid_train.xml>
22:29:37,986 INFO [org.aksw.hawk.controller.Pipeline.run] 144 - <F@n	2	0.10568842921784097	[NR_OF_CONSTRAINTS]	/Users/ricardousbeck/Dropbox/Dissertation/git-workspace/hawk/resources/qald-4_hybrid_train.xml>
22:30:11,796 INFO [org.aksw.hawk.controller.Pipeline.run] 144 - <F@n	3	0.14350355526826114	[NR_OF_CONSTRAINTS]	/Users/ricardousbeck/Dropbox/Dissertation/git-workspace/hawk/resources/qald-4_hybrid_train.xml>
22:30:48,911 INFO [org.aksw.hawk.controller.Pipeline.run] 144 - <F@n	4	0.21302227184580125	[NR_OF_CONSTRAINTS]	/Users/ricardousbeck/Dropbox/Dissertation/git-workspace/hawk/resources/qald-4_hybrid_train.xml>
22:31:22,911 INFO [org.aksw.hawk.controller.Pipeline.run] 144 - <F@n	5	0.22193492781728075	[NR_OF_CONSTRAINTS]	/Users/ricardousbeck/Dropbox/Dissertation/git-workspace/hawk/resources/qald-4_hybrid_train.xml>
22:32:10,021 INFO [org.aksw.hawk.controller.Pipeline.run] 144 - <F@n	6	0.28075845722904547	[NR_OF_CONSTRAINTS]	/Users/ricardousbeck/Dropbox/Dissertation/git-workspace/hawk/resources/qald-4_hybrid_train.xml>
22:32:43,483 INFO [org.aksw.hawk.controller.Pipeline.run] 144 - <F@n	7	0.4454643395819866	[NR_OF_CONSTRAINTS]	/Users/ricardousbeck/Dropbox/Dissertation/git-workspace/hawk/resources/qald-4_hybrid_train.xml>
22:33:18,337 INFO [org.aksw.hawk.controller.Pipeline.run] 144 - <F@n	8	0.5140917905623789	[NR_OF_CONSTRAINTS]	/Users/ricardousbeck/Dropbox/Dissertation/git-workspace/hawk/resources/qald-4_hybrid_train.xml>
22:33:52,310 INFO [org.aksw.hawk.controller.Pipeline.run] 144 - <F@n	9	0.5140917905623789	[NR_OF_CONSTRAINTS]	/Users/ricardousbeck/Dropbox/Dissertation/git-workspace/hawk/resources/qald-4_hybrid_train.xml>
22:34:25,945 INFO [org.aksw.hawk.controller.Pipeline.run] 144 - <F@n	10	0.5140917905623789	[NR_OF_CONSTRAINTS]	/Users/ricardousbeck/Dropbox/Dissertation/git-workspace/hawk/resources/qald-4_hybrid_train.xml>
22:35:01,764 INFO [org.aksw.hawk.controller.Pipeline.run] 144 - <F@n	20	0.6709545356604182	[NR_OF_CONSTRAINTS]	/Users/ricardousbeck/Dropbox/Dissertation/git-workspace/hawk/resources/qald-4_hybrid_train.xml>
22:35:44,287 INFO [org.aksw.hawk.controller.Pipeline.run] 144 - <F@n	30	0.6779034690799397	[NR_OF_CONSTRAINTS]	/Users/ricardousbeck/Dropbox/Dissertation/git-workspace/hawk/resources/qald-4_hybrid_train.xml>
22:36:44,408 INFO [org.aksw.hawk.controller.Pipeline.run] 144 - <F@n	40	0.6848238843048533	[NR_OF_CONSTRAINTS]	/Users/ricardousbeck/Dropbox/Dissertation/git-workspace/hawk/resources/qald-4_hybrid_train.xml>
22:37:23,455 INFO [org.aksw.hawk.controller.Pipeline.run] 144 - <F@n	50	0.7199202758026287	[NR_OF_CONSTRAINTS]	/Users/ricardousbeck/Dropbox/Dissertation/git-workspace/hawk/resources/qald-4_hybrid_train.xml>
22:37:57,940 INFO [org.aksw.hawk.controller.Pipeline.run] 144 - <F@n	1	0.1645119586296057	[PATTERN, NR_OF_CONSTRAINTS]	/Users/ricardousbeck/Dropbox/Dissertation/git-workspace/hawk/resources/qald-4_hybrid_train.xml>
22:38:39,598 INFO [org.aksw.hawk.controller.Pipeline.run] 144 - <F@n	2	0.1645119586296057	[PATTERN, NR_OF_CONSTRAINTS]	/Users/ricardousbeck/Dropbox/Dissertation/git-workspace/hawk/resources/qald-4_hybrid_train.xml>
22:39:12,888 INFO [org.aksw.hawk.controller.Pipeline.run] 144 - <F@n	3	0.21302227184580125	[PATTERN, NR_OF_CONSTRAINTS]	/Users/ricardousbeck/Dropbox/Dissertation/git-workspace/hawk/resources/qald-4_hybrid_train.xml>
22:39:54,440 INFO [org.aksw.hawk.controller.Pipeline.run] 144 - <F@n	4	0.27184580125756597	[PATTERN, NR_OF_CONSTRAINTS]	/Users/ricardousbeck/Dropbox/Dissertation/git-workspace/hawk/resources/qald-4_hybrid_train.xml>
22:40:27,676 INFO [org.aksw.hawk.controller.Pipeline.run] 144 - <F@n	5	0.3395819866408102	[PATTERN, NR_OF_CONSTRAINTS]	/Users/ricardousbeck/Dropbox/Dissertation/git-workspace/hawk/resources/qald-4_hybrid_train.xml>
22:41:01,594 INFO [org.aksw.hawk.controller.Pipeline.run] 144 - <F@n	6	0.4454643395819866	[PATTERN, NR_OF_CONSTRAINTS]	/Users/ricardousbeck/Dropbox/Dissertation/git-workspace/hawk/resources/qald-4_hybrid_train.xml>
22:41:38,313 INFO [org.aksw.hawk.controller.Pipeline.run] 144 - <F@n	7	0.4454643395819866	[PATTERN, NR_OF_CONSTRAINTS]	/Users/ricardousbeck/Dropbox/Dissertation/git-workspace/hawk/resources/qald-4_hybrid_train.xml>
22:42:14,157 INFO [org.aksw.hawk.controller.Pipeline.run] 144 - <F@n	8	0.5140917905623789	[PATTERN, NR_OF_CONSTRAINTS]	/Users/ricardousbeck/Dropbox/Dissertation/git-workspace/hawk/resources/qald-4_hybrid_train.xml>
22:42:59,310 INFO [org.aksw.hawk.controller.Pipeline.run] 144 - <F@n	9	0.5140917905623789	[PATTERN, NR_OF_CONSTRAINTS]	/Users/ricardousbeck/Dropbox/Dissertation/git-workspace/hawk/resources/qald-4_hybrid_train.xml>
22:43:40,115 INFO [org.aksw.hawk.controller.Pipeline.run] 144 - <F@n	10	0.5140917905623789	[PATTERN, NR_OF_CONSTRAINTS]	/Users/ricardousbeck/Dropbox/Dissertation/git-workspace/hawk/resources/qald-4_hybrid_train.xml>
22:44:31,449 INFO [org.aksw.hawk.controller.Pipeline.run] 144 - <F@n	20	0.6709545356604182	[PATTERN, NR_OF_CONSTRAINTS]	/Users/ricardousbeck/Dropbox/Dissertation/git-workspace/hawk/resources/qald-4_hybrid_train.xml>
22:45:22,678 INFO [org.aksw.hawk.controller.Pipeline.run] 144 - <F@n	30	0.6779034690799397	[PATTERN, NR_OF_CONSTRAINTS]	/Users/ricardousbeck/Dropbox/Dissertation/git-workspace/hawk/resources/qald-4_hybrid_train.xml>
22:45:59,868 INFO [org.aksw.hawk.controller.Pipeline.run] 144 - <F@n	40	0.6848238843048533	[PATTERN, NR_OF_CONSTRAINTS]	/Users/ricardousbeck/Dropbox/Dissertation/git-workspace/hawk/resources/qald-4_hybrid_train.xml>
22:46:46,428 INFO [org.aksw.hawk.controller.Pipeline.run] 144 - <F@n	50	0.7199202758026287	[PATTERN, NR_OF_CONSTRAINTS]	/Users/ricardousbeck/Dropbox/Dissertation/git-workspace/hawk/resources/qald-4_hybrid_train.xml>
22:47:28,203 INFO [org.aksw.hawk.controller.Pipeline.run] 144 - <F@n	1	0.10568842921784097	[PREDICATES, NR_OF_CONSTRAINTS]	/Users/ricardousbeck/Dropbox/Dissertation/git-workspace/hawk/resources/qald-4_hybrid_train.xml>
22:48:25,216 INFO [org.aksw.hawk.controller.Pipeline.run] 144 - <F@n	2	0.10568842921784097	[PREDICATES, NR_OF_CONSTRAINTS]	/Users/ricardousbeck/Dropbox/Dissertation/git-workspace/hawk/resources/qald-4_hybrid_train.xml>
22:49:13,802 INFO [org.aksw.hawk.controller.Pipeline.run] 144 - <F@n	3	0.14350355526826114	[PREDICATES, NR_OF_CONSTRAINTS]	/Users/ricardousbeck/Dropbox/Dissertation/git-workspace/hawk/resources/qald-4_hybrid_train.xml>
22:49:52,893 INFO [org.aksw.hawk.controller.Pipeline.run] 144 - <F@n	4	0.21302227184580125	[PREDICATES, NR_OF_CONSTRAINTS]	/Users/ricardousbeck/Dropbox/Dissertation/git-workspace/hawk/resources/qald-4_hybrid_train.xml>
22:50:30,801 INFO [org.aksw.hawk.controller.Pipeline.run] 144 - <F@n	5	0.22193492781728075	[PREDICATES, NR_OF_CONSTRAINTS]	/Users/ricardousbeck/Dropbox/Dissertation/git-workspace/hawk/resources/qald-4_hybrid_train.xml>
22:51:14,253 INFO [org.aksw.hawk.controller.Pipeline.run] 144 - <F@n	6	0.3395819866408102	[PREDICATES, NR_OF_CONSTRAINTS]	/Users/ricardousbeck/Dropbox/Dissertation/git-workspace/hawk/resources/qald-4_hybrid_train.xml>
22:51:50,802 INFO [org.aksw.hawk.controller.Pipeline.run] 144 - <F@n	7	0.4454643395819866	[PREDICATES, NR_OF_CONSTRAINTS]	/Users/ricardousbeck/Dropbox/Dissertation/git-workspace/hawk/resources/qald-4_hybrid_train.xml>
22:52:23,961 INFO [org.aksw.hawk.controller.Pipeline.run] 144 - <F@n	8	0.5140917905623789	[PREDICATES, NR_OF_CONSTRAINTS]	/Users/ricardousbeck/Dropbox/Dissertation/git-workspace/hawk/resources/qald-4_hybrid_train.xml>
22:52:57,387 INFO [org.aksw.hawk.controller.Pipeline.run] 144 - <F@n	9	0.5140917905623789	[PREDICATES, NR_OF_CONSTRAINTS]	/Users/ricardousbeck/Dropbox/Dissertation/git-workspace/hawk/resources/qald-4_hybrid_train.xml>
22:53:31,177 INFO [org.aksw.hawk.controller.Pipeline.run] 144 - <F@n	10	0.5140917905623789	[PREDICATES, NR_OF_CONSTRAINTS]	/Users/ricardousbeck/Dropbox/Dissertation/git-workspace/hawk/resources/qald-4_hybrid_train.xml>
22:54:07,356 INFO [org.aksw.hawk.controller.Pipeline.run] 144 - <F@n	20	0.6709545356604182	[PREDICATES, NR_OF_CONSTRAINTS]	/Users/ricardousbeck/Dropbox/Dissertation/git-workspace/hawk/resources/qald-4_hybrid_train.xml>
22:54:40,111 INFO [org.aksw.hawk.controller.Pipeline.run] 144 - <F@n	30	0.6779034690799397	[PREDICATES, NR_OF_CONSTRAINTS]	/Users/ricardousbeck/Dropbox/Dissertation/git-workspace/hawk/resources/qald-4_hybrid_train.xml>
22:55:13,198 INFO [org.aksw.hawk.controller.Pipeline.run] 144 - <F@n	40	0.6848238843048533	[PREDICATES, NR_OF_CONSTRAINTS]	/Users/ricardousbeck/Dropbox/Dissertation/git-workspace/hawk/resources/qald-4_hybrid_train.xml>
22:55:50,842 INFO [org.aksw.hawk.controller.Pipeline.run] 144 - <F@n	50	0.7199202758026287	[PREDICATES, NR_OF_CONSTRAINTS]	/Users/ricardousbeck/Dropbox/Dissertation/git-workspace/hawk/resources/qald-4_hybrid_train.xml>
22:56:28,283 INFO [org.aksw.hawk.controller.Pipeline.run] 144 - <F@n	1	0.1645119586296057	[PATTERN, PREDICATES, NR_OF_CONSTRAINTS]	/Users/ricardousbeck/Dropbox/Dissertation/git-workspace/hawk/resources/qald-4_hybrid_train.xml>
22:57:01,355 INFO [org.aksw.hawk.controller.Pipeline.run] 144 - <F@n	2	0.1645119586296057	[PATTERN, PREDICATES, NR_OF_CONSTRAINTS]	/Users/ricardousbeck/Dropbox/Dissertation/git-workspace/hawk/resources/qald-4_hybrid_train.xml>
22:57:44,186 INFO [org.aksw.hawk.controller.Pipeline.run] 144 - <F@n	3	0.21302227184580125	[PATTERN, PREDICATES, NR_OF_CONSTRAINTS]	/Users/ricardousbeck/Dropbox/Dissertation/git-workspace/hawk/resources/qald-4_hybrid_train.xml>
22:58:19,175 INFO [org.aksw.hawk.controller.Pipeline.run] 144 - <F@n	4	0.27184580125756597	[PATTERN, PREDICATES, NR_OF_CONSTRAINTS]	/Users/ricardousbeck/Dropbox/Dissertation/git-workspace/hawk/resources/qald-4_hybrid_train.xml>
22:58:53,940 INFO [org.aksw.hawk.controller.Pipeline.run] 144 - <F@n	5	0.3395819866408102	[PATTERN, PREDICATES, NR_OF_CONSTRAINTS]	/Users/ricardousbeck/Dropbox/Dissertation/git-workspace/hawk/resources/qald-4_hybrid_train.xml>
22:59:31,364 INFO [org.aksw.hawk.controller.Pipeline.run] 144 - <F@n	6	0.4454643395819866	[PATTERN, PREDICATES, NR_OF_CONSTRAINTS]	/Users/ricardousbeck/Dropbox/Dissertation/git-workspace/hawk/resources/qald-4_hybrid_train.xml>
23:00:04,161 INFO [org.aksw.hawk.controller.Pipeline.run] 144 - <F@n	7	0.4454643395819866	[PATTERN, PREDICATES, NR_OF_CONSTRAINTS]	/Users/ricardousbeck/Dropbox/Dissertation/git-workspace/hawk/resources/qald-4_hybrid_train.xml>
23:00:37,656 INFO [org.aksw.hawk.controller.Pipeline.run] 144 - <F@n	8	0.5140917905623789	[PATTERN, PREDICATES, NR_OF_CONSTRAINTS]	/Users/ricardousbeck/Dropbox/Dissertation/git-workspace/hawk/resources/qald-4_hybrid_train.xml>
23:01:17,128 INFO [org.aksw.hawk.controller.Pipeline.run] 144 - <F@n	9	0.5140917905623789	[PATTERN, PREDICATES, NR_OF_CONSTRAINTS]	/Users/ricardousbeck/Dropbox/Dissertation/git-workspace/hawk/resources/qald-4_hybrid_train.xml>
23:01:50,770 INFO [org.aksw.hawk.controller.Pipeline.run] 144 - <F@n	10	0.5140917905623789	[PATTERN, PREDICATES, NR_OF_CONSTRAINTS]	/Users/ricardousbeck/Dropbox/Dissertation/git-workspace/hawk/resources/qald-4_hybrid_train.xml>
23:02:23,758 INFO [org.aksw.hawk.controller.Pipeline.run] 144 - <F@n	20	0.6709545356604182	[PATTERN, PREDICATES, NR_OF_CONSTRAINTS]	/Users/ricardousbeck/Dropbox/Dissertation/git-workspace/hawk/resources/qald-4_hybrid_train.xml>
23:02:57,900 INFO [org.aksw.hawk.controller.Pipeline.run] 144 - <F@n	30	0.6779034690799397	[PATTERN, PREDICATES, NR_OF_CONSTRAINTS]	/Users/ricardousbeck/Dropbox/Dissertation/git-workspace/hawk/resources/qald-4_hybrid_train.xml>
23:03:30,430 INFO [org.aksw.hawk.controller.Pipeline.run] 144 - <F@n	40	0.6848238843048533	[PATTERN, PREDICATES, NR_OF_CONSTRAINTS]	/Users/ricardousbeck/Dropbox/Dissertation/git-workspace/hawk/resources/qald-4_hybrid_train.xml>
23:04:03,917 INFO [org.aksw.hawk.controller.Pipeline.run] 144 - <F@n	50	0.7199202758026287	[PATTERN, PREDICATES, NR_OF_CONSTRAINTS]	/Users/ricardousbeck/Dropbox/Dissertation/git-workspace/hawk/resources/qald-4_hybrid_train.xml>
23:04:44,845 INFO [org.aksw.hawk.controller.Pipeline.run] 144 - <F@n	1	0.10568842921784097	[NR_OF_TYPES, NR_OF_CONSTRAINTS]	/Users/ricardousbeck/Dropbox/Dissertation/git-workspace/hawk/resources/qald-4_hybrid_train.xml>
23:05:18,077 INFO [org.aksw.hawk.controller.Pipeline.run] 144 - <F@n	2	0.10568842921784097	[NR_OF_TYPES, NR_OF_CONSTRAINTS]	/Users/ricardousbeck/Dropbox/Dissertation/git-workspace/hawk/resources/qald-4_hybrid_train.xml>
23:05:51,566 INFO [org.aksw.hawk.controller.Pipeline.run] 144 - <F@n	3	0.1247869777281542	[NR_OF_TYPES, NR_OF_CONSTRAINTS]	/Users/ricardousbeck/Dropbox/Dissertation/git-workspace/hawk/resources/qald-4_hybrid_train.xml>
23:06:25,084 INFO [org.aksw.hawk.controller.Pipeline.run] 144 - <F@n	4	0.21302227184580125	[NR_OF_TYPES, NR_OF_CONSTRAINTS]	/Users/ricardousbeck/Dropbox/Dissertation/git-workspace/hawk/resources/qald-4_hybrid_train.xml>
23:07:01,825 INFO [org.aksw.hawk.controller.Pipeline.run] 144 - <F@n	5	0.22193492781728075	[NR_OF_TYPES, NR_OF_CONSTRAINTS]	/Users/ricardousbeck/Dropbox/Dissertation/git-workspace/hawk/resources/qald-4_hybrid_train.xml>
23:07:35,235 INFO [org.aksw.hawk.controller.Pipeline.run] 144 - <F@n	6	0.28075845722904547	[NR_OF_TYPES, NR_OF_CONSTRAINTS]	/Users/ricardousbeck/Dropbox/Dissertation/git-workspace/hawk/resources/qald-4_hybrid_train.xml>
23:08:09,399 INFO [org.aksw.hawk.controller.Pipeline.run] 144 - <F@n	7	0.4454643395819866	[NR_OF_TYPES, NR_OF_CONSTRAINTS]	/Users/ricardousbeck/Dropbox/Dissertation/git-workspace/hawk/resources/qald-4_hybrid_train.xml>
23:08:43,079 INFO [org.aksw.hawk.controller.Pipeline.run] 144 - <F@n	8	0.5140917905623789	[NR_OF_TYPES, NR_OF_CONSTRAINTS]	/Users/ricardousbeck/Dropbox/Dissertation/git-workspace/hawk/resources/qald-4_hybrid_train.xml>
23:09:17,102 INFO [org.aksw.hawk.controller.Pipeline.run] 144 - <F@n	9	0.5140917905623789	[NR_OF_TYPES, NR_OF_CONSTRAINTS]	/Users/ricardousbeck/Dropbox/Dissertation/git-workspace/hawk/resources/qald-4_hybrid_train.xml>
23:09:50,261 INFO [org.aksw.hawk.controller.Pipeline.run] 144 - <F@n	10	0.5729153199741436	[NR_OF_TYPES, NR_OF_CONSTRAINTS]	/Users/ricardousbeck/Dropbox/Dissertation/git-workspace/hawk/resources/qald-4_hybrid_train.xml>
23:10:29,392 INFO [org.aksw.hawk.controller.Pipeline.run] 144 - <F@n	20	0.6709545356604182	[NR_OF_TYPES, NR_OF_CONSTRAINTS]	/Users/ricardousbeck/Dropbox/Dissertation/git-workspace/hawk/resources/qald-4_hybrid_train.xml>
23:11:02,502 INFO [org.aksw.hawk.controller.Pipeline.run] 144 - <F@n	30	0.6779034690799397	[NR_OF_TYPES, NR_OF_CONSTRAINTS]	/Users/ricardousbeck/Dropbox/Dissertation/git-workspace/hawk/resources/qald-4_hybrid_train.xml>
23:11:35,442 INFO [org.aksw.hawk.controller.Pipeline.run] 144 - <F@n	40	0.6848238843048533	[NR_OF_TYPES, NR_OF_CONSTRAINTS]	/Users/ricardousbeck/Dropbox/Dissertation/git-workspace/hawk/resources/qald-4_hybrid_train.xml>
23:12:16,791 INFO [org.aksw.hawk.controller.Pipeline.run] 144 - <F@n	50	0.7199202758026287	[NR_OF_TYPES, NR_OF_CONSTRAINTS]	/Users/ricardousbeck/Dropbox/Dissertation/git-workspace/hawk/resources/qald-4_hybrid_train.xml>
23:12:50,475 INFO [org.aksw.hawk.controller.Pipeline.run] 144 - <F@n	1	0.1645119586296057	[PATTERN, NR_OF_TYPES, NR_OF_CONSTRAINTS]	/Users/ricardousbeck/Dropbox/Dissertation/git-workspace/hawk/resources/qald-4_hybrid_train.xml>
23:13:35,557 INFO [org.aksw.hawk.controller.Pipeline.run] 144 - <F@n	2	0.1645119586296057	[PATTERN, NR_OF_TYPES, NR_OF_CONSTRAINTS]	/Users/ricardousbeck/Dropbox/Dissertation/git-workspace/hawk/resources/qald-4_hybrid_train.xml>
23:14:13,692 INFO [org.aksw.hawk.controller.Pipeline.run] 144 - <F@n	3	0.18361050713991892	[PATTERN, NR_OF_TYPES, NR_OF_CONSTRAINTS]	/Users/ricardousbeck/Dropbox/Dissertation/git-workspace/hawk/resources/qald-4_hybrid_train.xml>
23:14:49,446 INFO [org.aksw.hawk.controller.Pipeline.run] 144 - <F@n	4	0.27184580125756597	[PATTERN, NR_OF_TYPES, NR_OF_CONSTRAINTS]	/Users/ricardousbeck/Dropbox/Dissertation/git-workspace/hawk/resources/qald-4_hybrid_train.xml>
23:15:22,661 INFO [org.aksw.hawk.controller.Pipeline.run] 144 - <F@n	5	0.28075845722904547	[PATTERN, NR_OF_TYPES, NR_OF_CONSTRAINTS]	/Users/ricardousbeck/Dropbox/Dissertation/git-workspace/hawk/resources/qald-4_hybrid_train.xml>
23:15:56,577 INFO [org.aksw.hawk.controller.Pipeline.run] 144 - <F@n	6	0.38664081017022195	[PATTERN, NR_OF_TYPES, NR_OF_CONSTRAINTS]	/Users/ricardousbeck/Dropbox/Dissertation/git-workspace/hawk/resources/qald-4_hybrid_train.xml>
23:16:30,729 INFO [org.aksw.hawk.controller.Pipeline.run] 144 - <F@n	7	0.4454643395819866	[PATTERN, NR_OF_TYPES, NR_OF_CONSTRAINTS]	/Users/ricardousbeck/Dropbox/Dissertation/git-workspace/hawk/resources/qald-4_hybrid_train.xml>
23:17:11,134 INFO [org.aksw.hawk.controller.Pipeline.run] 144 - <F@n	8	0.47487610428786897	[PATTERN, NR_OF_TYPES, NR_OF_CONSTRAINTS]	/Users/ricardousbeck/Dropbox/Dissertation/git-workspace/hawk/resources/qald-4_hybrid_train.xml>
23:17:56,366 INFO [org.aksw.hawk.controller.Pipeline.run] 144 - <F@n	9	0.5140917905623789	[PATTERN, NR_OF_TYPES, NR_OF_CONSTRAINTS]	/Users/ricardousbeck/Dropbox/Dissertation/git-workspace/hawk/resources/qald-4_hybrid_train.xml>
23:18:32,884 INFO [org.aksw.hawk.controller.Pipeline.run] 144 - <F@n	10	0.5729153199741436	[PATTERN, NR_OF_TYPES, NR_OF_CONSTRAINTS]	/Users/ricardousbeck/Dropbox/Dissertation/git-workspace/hawk/resources/qald-4_hybrid_train.xml>
23:19:06,194 INFO [org.aksw.hawk.controller.Pipeline.run] 144 - <F@n	20	0.6709545356604182	[PATTERN, NR_OF_TYPES, NR_OF_CONSTRAINTS]	/Users/ricardousbeck/Dropbox/Dissertation/git-workspace/hawk/resources/qald-4_hybrid_train.xml>
23:19:43,912 INFO [org.aksw.hawk.controller.Pipeline.run] 144 - <F@n	30	0.6779034690799397	[PATTERN, NR_OF_TYPES, NR_OF_CONSTRAINTS]	/Users/ricardousbeck/Dropbox/Dissertation/git-workspace/hawk/resources/qald-4_hybrid_train.xml>
23:20:24,214 INFO [org.aksw.hawk.controller.Pipeline.run] 144 - <F@n	40	0.6848238843048533	[PATTERN, NR_OF_TYPES, NR_OF_CONSTRAINTS]	/Users/ricardousbeck/Dropbox/Dissertation/git-workspace/hawk/resources/qald-4_hybrid_train.xml>
23:20:58,581 INFO [org.aksw.hawk.controller.Pipeline.run] 144 - <F@n	50	0.7199202758026287	[PATTERN, NR_OF_TYPES, NR_OF_CONSTRAINTS]	/Users/ricardousbeck/Dropbox/Dissertation/git-workspace/hawk/resources/qald-4_hybrid_train.xml>
23:21:32,492 INFO [org.aksw.hawk.controller.Pipeline.run] 144 - <F@n	1	0.10568842921784097	[PREDICATES, NR_OF_TYPES, NR_OF_CONSTRAINTS]	/Users/ricardousbeck/Dropbox/Dissertation/git-workspace/hawk/resources/qald-4_hybrid_train.xml>
23:22:07,721 INFO [org.aksw.hawk.controller.Pipeline.run] 144 - <F@n	2	0.10568842921784097	[PREDICATES, NR_OF_TYPES, NR_OF_CONSTRAINTS]	/Users/ricardousbeck/Dropbox/Dissertation/git-workspace/hawk/resources/qald-4_hybrid_train.xml>
23:22:40,742 INFO [org.aksw.hawk.controller.Pipeline.run] 144 - <F@n	3	0.1247869777281542	[PREDICATES, NR_OF_TYPES, NR_OF_CONSTRAINTS]	/Users/ricardousbeck/Dropbox/Dissertation/git-workspace/hawk/resources/qald-4_hybrid_train.xml>
23:23:14,287 INFO [org.aksw.hawk.controller.Pipeline.run] 144 - <F@n	4	0.21302227184580125	[PREDICATES, NR_OF_TYPES, NR_OF_CONSTRAINTS]	/Users/ricardousbeck/Dropbox/Dissertation/git-workspace/hawk/resources/qald-4_hybrid_train.xml>
23:23:47,657 INFO [org.aksw.hawk.controller.Pipeline.run] 144 - <F@n	5	0.22193492781728075	[PREDICATES, NR_OF_TYPES, NR_OF_CONSTRAINTS]	/Users/ricardousbeck/Dropbox/Dissertation/git-workspace/hawk/resources/qald-4_hybrid_train.xml>
23:24:26,880 INFO [org.aksw.hawk.controller.Pipeline.run] 144 - <F@n	6	0.3395819866408102	[PREDICATES, NR_OF_TYPES, NR_OF_CONSTRAINTS]	/Users/ricardousbeck/Dropbox/Dissertation/git-workspace/hawk/resources/qald-4_hybrid_train.xml>
23:25:01,901 INFO [org.aksw.hawk.controller.Pipeline.run] 144 - <F@n	7	0.4454643395819866	[PREDICATES, NR_OF_TYPES, NR_OF_CONSTRAINTS]	/Users/ricardousbeck/Dropbox/Dissertation/git-workspace/hawk/resources/qald-4_hybrid_train.xml>
23:25:38,605 INFO [org.aksw.hawk.controller.Pipeline.run] 144 - <F@n	8	0.5140917905623789	[PREDICATES, NR_OF_TYPES, NR_OF_CONSTRAINTS]	/Users/ricardousbeck/Dropbox/Dissertation/git-workspace/hawk/resources/qald-4_hybrid_train.xml>
23:26:18,887 INFO [org.aksw.hawk.controller.Pipeline.run] 144 - <F@n	9	0.5140917905623789	[PREDICATES, NR_OF_TYPES, NR_OF_CONSTRAINTS]	/Users/ricardousbeck/Dropbox/Dissertation/git-workspace/hawk/resources/qald-4_hybrid_train.xml>
23:26:52,757 INFO [org.aksw.hawk.controller.Pipeline.run] 144 - <F@n	10	0.5729153199741436	[PREDICATES, NR_OF_TYPES, NR_OF_CONSTRAINTS]	/Users/ricardousbeck/Dropbox/Dissertation/git-workspace/hawk/resources/qald-4_hybrid_train.xml>
23:27:30,014 INFO [org.aksw.hawk.controller.Pipeline.run] 144 - <F@n	20	0.6709545356604182	[PREDICATES, NR_OF_TYPES, NR_OF_CONSTRAINTS]	/Users/ricardousbeck/Dropbox/Dissertation/git-workspace/hawk/resources/qald-4_hybrid_train.xml>
23:28:02,065 INFO [org.aksw.hawk.controller.Pipeline.run] 144 - <F@n	30	0.6779034690799397	[PREDICATES, NR_OF_TYPES, NR_OF_CONSTRAINTS]	/Users/ricardousbeck/Dropbox/Dissertation/git-workspace/hawk/resources/qald-4_hybrid_train.xml>
23:28:35,280 INFO [org.aksw.hawk.controller.Pipeline.run] 144 - <F@n	40	0.6848238843048533	[PREDICATES, NR_OF_TYPES, NR_OF_CONSTRAINTS]	/Users/ricardousbeck/Dropbox/Dissertation/git-workspace/hawk/resources/qald-4_hybrid_train.xml>
23:29:07,448 INFO [org.aksw.hawk.controller.Pipeline.run] 144 - <F@n	50	0.7199202758026287	[PREDICATES, NR_OF_TYPES, NR_OF_CONSTRAINTS]	/Users/ricardousbeck/Dropbox/Dissertation/git-workspace/hawk/resources/qald-4_hybrid_train.xml>
23:29:40,768 INFO [org.aksw.hawk.controller.Pipeline.run] 144 - <F@n	1	0.1645119586296057	[PATTERN, PREDICATES, NR_OF_TYPES, NR_OF_CONSTRAINTS]	/Users/ricardousbeck/Dropbox/Dissertation/git-workspace/hawk/resources/qald-4_hybrid_train.xml>
23:30:15,353 INFO [org.aksw.hawk.controller.Pipeline.run] 144 - <F@n	2	0.1645119586296057	[PATTERN, PREDICATES, NR_OF_TYPES, NR_OF_CONSTRAINTS]	/Users/ricardousbeck/Dropbox/Dissertation/git-workspace/hawk/resources/qald-4_hybrid_train.xml>
23:30:50,254 INFO [org.aksw.hawk.controller.Pipeline.run] 144 - <F@n	3	0.18361050713991892	[PATTERN, PREDICATES, NR_OF_TYPES, NR_OF_CONSTRAINTS]	/Users/ricardousbeck/Dropbox/Dissertation/git-workspace/hawk/resources/qald-4_hybrid_train.xml>
23:31:32,183 INFO [org.aksw.hawk.controller.Pipeline.run] 144 - <F@n	4	0.27184580125756597	[PATTERN, PREDICATES, NR_OF_TYPES, NR_OF_CONSTRAINTS]	/Users/ricardousbeck/Dropbox/Dissertation/git-workspace/hawk/resources/qald-4_hybrid_train.xml>
23:32:04,697 INFO [org.aksw.hawk.controller.Pipeline.run] 144 - <F@n	5	0.28075845722904547	[PATTERN, PREDICATES, NR_OF_TYPES, NR_OF_CONSTRAINTS]	/Users/ricardousbeck/Dropbox/Dissertation/git-workspace/hawk/resources/qald-4_hybrid_train.xml>
23:32:38,614 INFO [org.aksw.hawk.controller.Pipeline.run] 144 - <F@n	6	0.38664081017022195	[PATTERN, PREDICATES, NR_OF_TYPES, NR_OF_CONSTRAINTS]	/Users/ricardousbeck/Dropbox/Dissertation/git-workspace/hawk/resources/qald-4_hybrid_train.xml>
23:33:16,643 INFO [org.aksw.hawk.controller.Pipeline.run] 144 - <F@n	7	0.4454643395819866	[PATTERN, PREDICATES, NR_OF_TYPES, NR_OF_CONSTRAINTS]	/Users/ricardousbeck/Dropbox/Dissertation/git-workspace/hawk/resources/qald-4_hybrid_train.xml>
23:33:53,581 INFO [org.aksw.hawk.controller.Pipeline.run] 144 - <F@n	8	0.47487610428786897	[PATTERN, PREDICATES, NR_OF_TYPES, NR_OF_CONSTRAINTS]	/Users/ricardousbeck/Dropbox/Dissertation/git-workspace/hawk/resources/qald-4_hybrid_train.xml>
23:34:25,528 INFO [org.aksw.hawk.controller.Pipeline.run] 144 - <F@n	9	0.5140917905623789	[PATTERN, PREDICATES, NR_OF_TYPES, NR_OF_CONSTRAINTS]	/Users/ricardousbeck/Dropbox/Dissertation/git-workspace/hawk/resources/qald-4_hybrid_train.xml>
23:34:59,788 INFO [org.aksw.hawk.controller.Pipeline.run] 144 - <F@n	10	0.5729153199741436	[PATTERN, PREDICATES, NR_OF_TYPES, NR_OF_CONSTRAINTS]	/Users/ricardousbeck/Dropbox/Dissertation/git-workspace/hawk/resources/qald-4_hybrid_train.xml>
23:35:31,550 INFO [org.aksw.hawk.controller.Pipeline.run] 144 - <F@n	20	0.6709545356604182	[PATTERN, PREDICATES, NR_OF_TYPES, NR_OF_CONSTRAINTS]	/Users/ricardousbeck/Dropbox/Dissertation/git-workspace/hawk/resources/qald-4_hybrid_train.xml>
23:36:05,449 INFO [org.aksw.hawk.controller.Pipeline.run] 144 - <F@n	30	0.6779034690799397	[PATTERN, PREDICATES, NR_OF_TYPES, NR_OF_CONSTRAINTS]	/Users/ricardousbeck/Dropbox/Dissertation/git-workspace/hawk/resources/qald-4_hybrid_train.xml>
23:36:38,137 INFO [org.aksw.hawk.controller.Pipeline.run] 144 - <F@n	40	0.6848238843048533	[PATTERN, PREDICATES, NR_OF_TYPES, NR_OF_CONSTRAINTS]	/Users/ricardousbeck/Dropbox/Dissertation/git-workspace/hawk/resources/qald-4_hybrid_train.xml>
23:37:10,628 INFO [org.aksw.hawk.controller.Pipeline.run] 144 - <F@n	50	0.7199202758026287	[PATTERN, PREDICATES, NR_OF_TYPES, NR_OF_CONSTRAINTS]	/Users/ricardousbeck/Dropbox/Dissertation/git-workspace/hawk/resources/qald-4_hybrid_train.xml>
23:37:45,405 INFO [org.aksw.hawk.controller.Pipeline.run] 144 - <F@n	1	0.10568842921784097	[NR_OF_TERMS, NR_OF_CONSTRAINTS]	/Users/ricardousbeck/Dropbox/Dissertation/git-workspace/hawk/resources/qald-4_hybrid_train.xml>
23:38:26,241 INFO [org.aksw.hawk.controller.Pipeline.run] 144 - <F@n	2	0.10568842921784097	[NR_OF_TERMS, NR_OF_CONSTRAINTS]	/Users/ricardousbeck/Dropbox/Dissertation/git-workspace/hawk/resources/qald-4_hybrid_train.xml>
23:39:20,990 INFO [org.aksw.hawk.controller.Pipeline.run] 144 - <F@n	3	0.11409179056237878	[NR_OF_TERMS, NR_OF_CONSTRAINTS]	/Users/ricardousbeck/Dropbox/Dissertation/git-workspace/hawk/resources/qald-4_hybrid_train.xml>
23:39:53,559 INFO [org.aksw.hawk.controller.Pipeline.run] 144 - <F@n	4	0.21302227184580125	[NR_OF_TERMS, NR_OF_CONSTRAINTS]	/Users/ricardousbeck/Dropbox/Dissertation/git-workspace/hawk/resources/qald-4_hybrid_train.xml>
23:40:27,570 INFO [org.aksw.hawk.controller.Pipeline.run] 144 - <F@n	5	0.22193492781728075	[NR_OF_TERMS, NR_OF_CONSTRAINTS]	/Users/ricardousbeck/Dropbox/Dissertation/git-workspace/hawk/resources/qald-4_hybrid_train.xml>
23:41:15,486 INFO [org.aksw.hawk.controller.Pipeline.run] 144 - <F@n	6	0.38664081017022195	[NR_OF_TERMS, NR_OF_CONSTRAINTS]	/Users/ricardousbeck/Dropbox/Dissertation/git-workspace/hawk/resources/qald-4_hybrid_train.xml>
23:41:52,048 INFO [org.aksw.hawk.controller.Pipeline.run] 144 - <F@n	7	0.4846800258564965	[NR_OF_TERMS, NR_OF_CONSTRAINTS]	/Users/ricardousbeck/Dropbox/Dissertation/git-workspace/hawk/resources/qald-4_hybrid_train.xml>
23:42:26,396 INFO [org.aksw.hawk.controller.Pipeline.run] 144 - <F@n	8	0.5140917905623789	[NR_OF_TERMS, NR_OF_CONSTRAINTS]	/Users/ricardousbeck/Dropbox/Dissertation/git-workspace/hawk/resources/qald-4_hybrid_train.xml>
23:43:07,508 INFO [org.aksw.hawk.controller.Pipeline.run] 144 - <F@n	9	0.5533074768368887	[NR_OF_TERMS, NR_OF_CONSTRAINTS]	/Users/ricardousbeck/Dropbox/Dissertation/git-workspace/hawk/resources/qald-4_hybrid_train.xml>
23:43:40,734 INFO [org.aksw.hawk.controller.Pipeline.run] 144 - <F@n	10	0.6121310062486535	[NR_OF_TERMS, NR_OF_CONSTRAINTS]	/Users/ricardousbeck/Dropbox/Dissertation/git-workspace/hawk/resources/qald-4_hybrid_train.xml>
23:44:17,428 INFO [org.aksw.hawk.controller.Pipeline.run] 144 - <F@n	20	0.6709545356604182	[NR_OF_TERMS, NR_OF_CONSTRAINTS]	/Users/ricardousbeck/Dropbox/Dissertation/git-workspace/hawk/resources/qald-4_hybrid_train.xml>
23:45:10,522 INFO [org.aksw.hawk.controller.Pipeline.run] 144 - <F@n	30	0.6779034690799397	[NR_OF_TERMS, NR_OF_CONSTRAINTS]	/Users/ricardousbeck/Dropbox/Dissertation/git-workspace/hawk/resources/qald-4_hybrid_train.xml>
23:45:50,028 INFO [org.aksw.hawk.controller.Pipeline.run] 144 - <F@n	40	0.6848238843048533	[NR_OF_TERMS, NR_OF_CONSTRAINTS]	/Users/ricardousbeck/Dropbox/Dissertation/git-workspace/hawk/resources/qald-4_hybrid_train.xml>
23:46:22,385 INFO [org.aksw.hawk.controller.Pipeline.run] 144 - <F@n	50	0.7199202758026287	[NR_OF_TERMS, NR_OF_CONSTRAINTS]	/Users/ricardousbeck/Dropbox/Dissertation/git-workspace/hawk/resources/qald-4_hybrid_train.xml>
23:46:56,138 INFO [org.aksw.hawk.controller.Pipeline.run] 144 - <F@n	1	0.10568842921784097	[PATTERN, NR_OF_TERMS, NR_OF_CONSTRAINTS]	/Users/ricardousbeck/Dropbox/Dissertation/git-workspace/hawk/resources/qald-4_hybrid_train.xml>
23:47:31,038 INFO [org.aksw.hawk.controller.Pipeline.run] 144 - <F@n	2	0.10568842921784097	[PATTERN, NR_OF_TERMS, NR_OF_CONSTRAINTS]	/Users/ricardousbeck/Dropbox/Dissertation/git-workspace/hawk/resources/qald-4_hybrid_train.xml>
23:48:03,625 INFO [org.aksw.hawk.controller.Pipeline.run] 144 - <F@n	3	0.11409179056237878	[PATTERN, NR_OF_TERMS, NR_OF_CONSTRAINTS]	/Users/ricardousbeck/Dropbox/Dissertation/git-workspace/hawk/resources/qald-4_hybrid_train.xml>
23:48:38,663 INFO [org.aksw.hawk.controller.Pipeline.run] 144 - <F@n	4	0.21302227184580125	[PATTERN, NR_OF_TERMS, NR_OF_CONSTRAINTS]	/Users/ricardousbeck/Dropbox/Dissertation/git-workspace/hawk/resources/qald-4_hybrid_train.xml>
23:49:10,940 INFO [org.aksw.hawk.controller.Pipeline.run] 144 - <F@n	5	0.22193492781728075	[PATTERN, NR_OF_TERMS, NR_OF_CONSTRAINTS]	/Users/ricardousbeck/Dropbox/Dissertation/git-workspace/hawk/resources/qald-4_hybrid_train.xml>
23:49:45,346 INFO [org.aksw.hawk.controller.Pipeline.run] 144 - <F@n	6	0.38664081017022195	[PATTERN, NR_OF_TERMS, NR_OF_CONSTRAINTS]	/Users/ricardousbeck/Dropbox/Dissertation/git-workspace/hawk/resources/qald-4_hybrid_train.xml>
23:50:29,002 INFO [org.aksw.hawk.controller.Pipeline.run] 144 - <F@n	7	0.4846800258564965	[PATTERN, NR_OF_TERMS, NR_OF_CONSTRAINTS]	/Users/ricardousbeck/Dropbox/Dissertation/git-workspace/hawk/resources/qald-4_hybrid_train.xml>
23:51:01,178 INFO [org.aksw.hawk.controller.Pipeline.run] 144 - <F@n	8	0.5140917905623789	[PATTERN, NR_OF_TERMS, NR_OF_CONSTRAINTS]	/Users/ricardousbeck/Dropbox/Dissertation/git-workspace/hawk/resources/qald-4_hybrid_train.xml>
23:51:34,240 INFO [org.aksw.hawk.controller.Pipeline.run] 144 - <F@n	9	0.5533074768368887	[PATTERN, NR_OF_TERMS, NR_OF_CONSTRAINTS]	/Users/ricardousbeck/Dropbox/Dissertation/git-workspace/hawk/resources/qald-4_hybrid_train.xml>
23:52:07,617 INFO [org.aksw.hawk.controller.Pipeline.run] 144 - <F@n	10	0.6121310062486535	[PATTERN, NR_OF_TERMS, NR_OF_CONSTRAINTS]	/Users/ricardousbeck/Dropbox/Dissertation/git-workspace/hawk/resources/qald-4_hybrid_train.xml>
23:52:39,350 INFO [org.aksw.hawk.controller.Pipeline.run] 144 - <F@n	20	0.6709545356604182	[PATTERN, NR_OF_TERMS, NR_OF_CONSTRAINTS]	/Users/ricardousbeck/Dropbox/Dissertation/git-workspace/hawk/resources/qald-4_hybrid_train.xml>
23:53:10,981 INFO [org.aksw.hawk.controller.Pipeline.run] 144 - <F@n	30	0.6779034690799397	[PATTERN, NR_OF_TERMS, NR_OF_CONSTRAINTS]	/Users/ricardousbeck/Dropbox/Dissertation/git-workspace/hawk/resources/qald-4_hybrid_train.xml>
23:53:46,944 INFO [org.aksw.hawk.controller.Pipeline.run] 144 - <F@n	40	0.6848238843048533	[PATTERN, NR_OF_TERMS, NR_OF_CONSTRAINTS]	/Users/ricardousbeck/Dropbox/Dissertation/git-workspace/hawk/resources/qald-4_hybrid_train.xml>
23:54:27,131 INFO [org.aksw.hawk.controller.Pipeline.run] 144 - <F@n	50	0.7199202758026287	[PATTERN, NR_OF_TERMS, NR_OF_CONSTRAINTS]	/Users/ricardousbeck/Dropbox/Dissertation/git-workspace/hawk/resources/qald-4_hybrid_train.xml>
23:54:58,813 INFO [org.aksw.hawk.controller.Pipeline.run] 144 - <F@n	1	0.09728506787330315	[PREDICATES, NR_OF_TERMS, NR_OF_CONSTRAINTS]	/Users/ricardousbeck/Dropbox/Dissertation/git-workspace/hawk/resources/qald-4_hybrid_train.xml>
23:55:37,296 INFO [org.aksw.hawk.controller.Pipeline.run] 144 - <F@n	2	0.10568842921784097	[PREDICATES, NR_OF_TERMS, NR_OF_CONSTRAINTS]	/Users/ricardousbeck/Dropbox/Dissertation/git-workspace/hawk/resources/qald-4_hybrid_train.xml>
23:56:10,087 INFO [org.aksw.hawk.controller.Pipeline.run] 144 - <F@n	3	0.10568842921784097	[PREDICATES, NR_OF_TERMS, NR_OF_CONSTRAINTS]	/Users/ricardousbeck/Dropbox/Dissertation/git-workspace/hawk/resources/qald-4_hybrid_train.xml>
23:56:42,630 INFO [org.aksw.hawk.controller.Pipeline.run] 144 - <F@n	4	0.21302227184580125	[PREDICATES, NR_OF_TERMS, NR_OF_CONSTRAINTS]	/Users/ricardousbeck/Dropbox/Dissertation/git-workspace/hawk/resources/qald-4_hybrid_train.xml>
23:57:19,714 INFO [org.aksw.hawk.controller.Pipeline.run] 144 - <F@n	5	0.22193492781728075	[PREDICATES, NR_OF_TERMS, NR_OF_CONSTRAINTS]	/Users/ricardousbeck/Dropbox/Dissertation/git-workspace/hawk/resources/qald-4_hybrid_train.xml>
23:57:56,208 INFO [org.aksw.hawk.controller.Pipeline.run] 144 - <F@n	6	0.38664081017022195	[PREDICATES, NR_OF_TERMS, NR_OF_CONSTRAINTS]	/Users/ricardousbeck/Dropbox/Dissertation/git-workspace/hawk/resources/qald-4_hybrid_train.xml>
23:58:34,421 INFO [org.aksw.hawk.controller.Pipeline.run] 144 - <F@n	7	0.4846800258564965	[PREDICATES, NR_OF_TERMS, NR_OF_CONSTRAINTS]	/Users/ricardousbeck/Dropbox/Dissertation/git-workspace/hawk/resources/qald-4_hybrid_train.xml>
23:59:07,356 INFO [org.aksw.hawk.controller.Pipeline.run] 144 - <F@n	8	0.5533074768368887	[PREDICATES, NR_OF_TERMS, NR_OF_CONSTRAINTS]	/Users/ricardousbeck/Dropbox/Dissertation/git-workspace/hawk/resources/qald-4_hybrid_train.xml>
23:59:40,490 INFO [org.aksw.hawk.controller.Pipeline.run] 144 - <F@n	9	0.5533074768368887	[PREDICATES, NR_OF_TERMS, NR_OF_CONSTRAINTS]	/Users/ricardousbeck/Dropbox/Dissertation/git-workspace/hawk/resources/qald-4_hybrid_train.xml>
00:00:13,361 INFO [org.aksw.hawk.controller.Pipeline.run] 144 - <F@n	10	0.6121310062486535	[PREDICATES, NR_OF_TERMS, NR_OF_CONSTRAINTS]	/Users/ricardousbeck/Dropbox/Dissertation/git-workspace/hawk/resources/qald-4_hybrid_train.xml>
00:00:46,292 INFO [org.aksw.hawk.controller.Pipeline.run] 144 - <F@n	20	0.6709545356604182	[PREDICATES, NR_OF_TERMS, NR_OF_CONSTRAINTS]	/Users/ricardousbeck/Dropbox/Dissertation/git-workspace/hawk/resources/qald-4_hybrid_train.xml>
00:01:22,664 INFO [org.aksw.hawk.controller.Pipeline.run] 144 - <F@n	30	0.6766106442577031	[PREDICATES, NR_OF_TERMS, NR_OF_CONSTRAINTS]	/Users/ricardousbeck/Dropbox/Dissertation/git-workspace/hawk/resources/qald-4_hybrid_train.xml>
00:01:56,544 INFO [org.aksw.hawk.controller.Pipeline.run] 144 - <F@n	40	0.6835310594826167	[PREDICATES, NR_OF_TERMS, NR_OF_CONSTRAINTS]	/Users/ricardousbeck/Dropbox/Dissertation/git-workspace/hawk/resources/qald-4_hybrid_train.xml>
00:02:28,939 INFO [org.aksw.hawk.controller.Pipeline.run] 144 - <F@n	50	0.7199202758026287	[PREDICATES, NR_OF_TERMS, NR_OF_CONSTRAINTS]	/Users/ricardousbeck/Dropbox/Dissertation/git-workspace/hawk/resources/qald-4_hybrid_train.xml>
00:03:10,566 INFO [org.aksw.hawk.controller.Pipeline.run] 144 - <F@n	1	0.09728506787330315	[PATTERN, PREDICATES, NR_OF_TERMS, NR_OF_CONSTRAINTS]	/Users/ricardousbeck/Dropbox/Dissertation/git-workspace/hawk/resources/qald-4_hybrid_train.xml>
00:03:42,509 INFO [org.aksw.hawk.controller.Pipeline.run] 144 - <F@n	2	0.10568842921784097	[PATTERN, PREDICATES, NR_OF_TERMS, NR_OF_CONSTRAINTS]	/Users/ricardousbeck/Dropbox/Dissertation/git-workspace/hawk/resources/qald-4_hybrid_train.xml>
00:04:14,429 INFO [org.aksw.hawk.controller.Pipeline.run] 144 - <F@n	3	0.11638361638361638	[PATTERN, PREDICATES, NR_OF_TERMS, NR_OF_CONSTRAINTS]	/Users/ricardousbeck/Dropbox/Dissertation/git-workspace/hawk/resources/qald-4_hybrid_train.xml>
00:04:54,201 INFO [org.aksw.hawk.controller.Pipeline.run] 144 - <F@n	4	0.21302227184580125	[PATTERN, PREDICATES, NR_OF_TERMS, NR_OF_CONSTRAINTS]	/Users/ricardousbeck/Dropbox/Dissertation/git-workspace/hawk/resources/qald-4_hybrid_train.xml>
00:05:26,377 INFO [org.aksw.hawk.controller.Pipeline.run] 144 - <F@n	5	0.22193492781728075	[PATTERN, PREDICATES, NR_OF_TERMS, NR_OF_CONSTRAINTS]	/Users/ricardousbeck/Dropbox/Dissertation/git-workspace/hawk/resources/qald-4_hybrid_train.xml>
00:06:04,450 INFO [org.aksw.hawk.controller.Pipeline.run] 144 - <F@n	6	0.3395819866408102	[PATTERN, PREDICATES, NR_OF_TERMS, NR_OF_CONSTRAINTS]	/Users/ricardousbeck/Dropbox/Dissertation/git-workspace/hawk/resources/qald-4_hybrid_train.xml>
00:06:37,302 INFO [org.aksw.hawk.controller.Pipeline.run] 144 - <F@n	7	0.4846800258564965	[PATTERN, PREDICATES, NR_OF_TERMS, NR_OF_CONSTRAINTS]	/Users/ricardousbeck/Dropbox/Dissertation/git-workspace/hawk/resources/qald-4_hybrid_train.xml>
00:07:10,503 INFO [org.aksw.hawk.controller.Pipeline.run] 144 - <F@n	8	0.5533074768368887	[PATTERN, PREDICATES, NR_OF_TERMS, NR_OF_CONSTRAINTS]	/Users/ricardousbeck/Dropbox/Dissertation/git-workspace/hawk/resources/qald-4_hybrid_train.xml>
00:07:42,360 INFO [org.aksw.hawk.controller.Pipeline.run] 144 - <F@n	9	0.5533074768368887	[PATTERN, PREDICATES, NR_OF_TERMS, NR_OF_CONSTRAINTS]	/Users/ricardousbeck/Dropbox/Dissertation/git-workspace/hawk/resources/qald-4_hybrid_train.xml>
00:08:14,621 INFO [org.aksw.hawk.controller.Pipeline.run] 144 - <F@n	10	0.6121310062486535	[PATTERN, PREDICATES, NR_OF_TERMS, NR_OF_CONSTRAINTS]	/Users/ricardousbeck/Dropbox/Dissertation/git-workspace/hawk/resources/qald-4_hybrid_train.xml>
00:08:48,735 INFO [org.aksw.hawk.controller.Pipeline.run] 144 - <F@n	20	0.6709545356604182	[PATTERN, PREDICATES, NR_OF_TERMS, NR_OF_CONSTRAINTS]	/Users/ricardousbeck/Dropbox/Dissertation/git-workspace/hawk/resources/qald-4_hybrid_train.xml>
00:09:25,022 INFO [org.aksw.hawk.controller.Pipeline.run] 144 - <F@n	30	0.6766106442577031	[PATTERN, PREDICATES, NR_OF_TERMS, NR_OF_CONSTRAINTS]	/Users/ricardousbeck/Dropbox/Dissertation/git-workspace/hawk/resources/qald-4_hybrid_train.xml>
00:09:59,335 INFO [org.aksw.hawk.controller.Pipeline.run] 144 - <F@n	40	0.6835310594826167	[PATTERN, PREDICATES, NR_OF_TERMS, NR_OF_CONSTRAINTS]	/Users/ricardousbeck/Dropbox/Dissertation/git-workspace/hawk/resources/qald-4_hybrid_train.xml>
00:10:31,986 INFO [org.aksw.hawk.controller.Pipeline.run] 144 - <F@n	50	0.7199202758026287	[PATTERN, PREDICATES, NR_OF_TERMS, NR_OF_CONSTRAINTS]	/Users/ricardousbeck/Dropbox/Dissertation/git-workspace/hawk/resources/qald-4_hybrid_train.xml>
00:11:07,936 INFO [org.aksw.hawk.controller.Pipeline.run] 144 - <F@n	1	0.10568842921784097	[NR_OF_TYPES, NR_OF_TERMS, NR_OF_CONSTRAINTS]	/Users/ricardousbeck/Dropbox/Dissertation/git-workspace/hawk/resources/qald-4_hybrid_train.xml>
00:11:40,215 INFO [org.aksw.hawk.controller.Pipeline.run] 144 - <F@n	2	0.10568842921784097	[NR_OF_TYPES, NR_OF_TERMS, NR_OF_CONSTRAINTS]	/Users/ricardousbeck/Dropbox/Dissertation/git-workspace/hawk/resources/qald-4_hybrid_train.xml>
00:12:13,062 INFO [org.aksw.hawk.controller.Pipeline.run] 144 - <F@n	3	0.1247869777281542	[NR_OF_TYPES, NR_OF_TERMS, NR_OF_CONSTRAINTS]	/Users/ricardousbeck/Dropbox/Dissertation/git-workspace/hawk/resources/qald-4_hybrid_train.xml>
00:12:49,122 INFO [org.aksw.hawk.controller.Pipeline.run] 144 - <F@n	4	0.21302227184580125	[NR_OF_TYPES, NR_OF_TERMS, NR_OF_CONSTRAINTS]	/Users/ricardousbeck/Dropbox/Dissertation/git-workspace/hawk/resources/qald-4_hybrid_train.xml>
00:13:22,487 INFO [org.aksw.hawk.controller.Pipeline.run] 144 - <F@n	5	0.22193492781728075	[NR_OF_TYPES, NR_OF_TERMS, NR_OF_CONSTRAINTS]	/Users/ricardousbeck/Dropbox/Dissertation/git-workspace/hawk/resources/qald-4_hybrid_train.xml>
00:14:02,595 INFO [org.aksw.hawk.controller.Pipeline.run] 144 - <F@n	6	0.38664081017022195	[NR_OF_TYPES, NR_OF_TERMS, NR_OF_CONSTRAINTS]	/Users/ricardousbeck/Dropbox/Dissertation/git-workspace/hawk/resources/qald-4_hybrid_train.xml>
00:14:35,764 INFO [org.aksw.hawk.controller.Pipeline.run] 144 - <F@n	7	0.4846800258564965	[NR_OF_TYPES, NR_OF_TERMS, NR_OF_CONSTRAINTS]	/Users/ricardousbeck/Dropbox/Dissertation/git-workspace/hawk/resources/qald-4_hybrid_train.xml>
00:15:08,744 INFO [org.aksw.hawk.controller.Pipeline.run] 144 - <F@n	8	0.5533074768368887	[NR_OF_TYPES, NR_OF_TERMS, NR_OF_CONSTRAINTS]	/Users/ricardousbeck/Dropbox/Dissertation/git-workspace/hawk/resources/qald-4_hybrid_train.xml>
00:15:43,362 INFO [org.aksw.hawk.controller.Pipeline.run] 144 - <F@n	9	0.5533074768368887	[NR_OF_TYPES, NR_OF_TERMS, NR_OF_CONSTRAINTS]	/Users/ricardousbeck/Dropbox/Dissertation/git-workspace/hawk/resources/qald-4_hybrid_train.xml>
00:16:17,602 INFO [org.aksw.hawk.controller.Pipeline.run] 144 - <F@n	10	0.5533074768368887	[NR_OF_TYPES, NR_OF_TERMS, NR_OF_CONSTRAINTS]	/Users/ricardousbeck/Dropbox/Dissertation/git-workspace/hawk/resources/qald-4_hybrid_train.xml>
00:16:50,552 INFO [org.aksw.hawk.controller.Pipeline.run] 144 - <F@n	20	0.6709545356604182	[NR_OF_TYPES, NR_OF_TERMS, NR_OF_CONSTRAINTS]	/Users/ricardousbeck/Dropbox/Dissertation/git-workspace/hawk/resources/qald-4_hybrid_train.xml>
00:17:29,816 INFO [org.aksw.hawk.controller.Pipeline.run] 144 - <F@n	30	0.6779034690799397	[NR_OF_TYPES, NR_OF_TERMS, NR_OF_CONSTRAINTS]	/Users/ricardousbeck/Dropbox/Dissertation/git-workspace/hawk/resources/qald-4_hybrid_train.xml>
00:18:03,228 INFO [org.aksw.hawk.controller.Pipeline.run] 144 - <F@n	40	0.6848238843048533	[NR_OF_TYPES, NR_OF_TERMS, NR_OF_CONSTRAINTS]	/Users/ricardousbeck/Dropbox/Dissertation/git-workspace/hawk/resources/qald-4_hybrid_train.xml>
00:18:38,999 INFO [org.aksw.hawk.controller.Pipeline.run] 144 - <F@n	50	0.7199202758026287	[NR_OF_TYPES, NR_OF_TERMS, NR_OF_CONSTRAINTS]	/Users/ricardousbeck/Dropbox/Dissertation/git-workspace/hawk/resources/qald-4_hybrid_train.xml>
00:19:12,045 INFO [org.aksw.hawk.controller.Pipeline.run] 144 - <F@n	1	0.10568842921784097	[PATTERN, NR_OF_TYPES, NR_OF_TERMS, NR_OF_CONSTRAINTS]	/Users/ricardousbeck/Dropbox/Dissertation/git-workspace/hawk/resources/qald-4_hybrid_train.xml>
00:19:44,175 INFO [org.aksw.hawk.controller.Pipeline.run] 144 - <F@n	2	0.10568842921784097	[PATTERN, NR_OF_TYPES, NR_OF_TERMS, NR_OF_CONSTRAINTS]	/Users/ricardousbeck/Dropbox/Dissertation/git-workspace/hawk/resources/qald-4_hybrid_train.xml>
00:20:16,645 INFO [org.aksw.hawk.controller.Pipeline.run] 144 - <F@n	3	0.1247869777281542	[PATTERN, NR_OF_TYPES, NR_OF_TERMS, NR_OF_CONSTRAINTS]	/Users/ricardousbeck/Dropbox/Dissertation/git-workspace/hawk/resources/qald-4_hybrid_train.xml>
00:20:49,704 INFO [org.aksw.hawk.controller.Pipeline.run] 144 - <F@n	4	0.21302227184580125	[PATTERN, NR_OF_TYPES, NR_OF_TERMS, NR_OF_CONSTRAINTS]	/Users/ricardousbeck/Dropbox/Dissertation/git-workspace/hawk/resources/qald-4_hybrid_train.xml>
00:21:25,700 INFO [org.aksw.hawk.controller.Pipeline.run] 144 - <F@n	5	0.22193492781728075	[PATTERN, NR_OF_TYPES, NR_OF_TERMS, NR_OF_CONSTRAINTS]	/Users/ricardousbeck/Dropbox/Dissertation/git-workspace/hawk/resources/qald-4_hybrid_train.xml>
00:22:05,218 INFO [org.aksw.hawk.controller.Pipeline.run] 144 - <F@n	6	0.38664081017022195	[PATTERN, NR_OF_TYPES, NR_OF_TERMS, NR_OF_CONSTRAINTS]	/Users/ricardousbeck/Dropbox/Dissertation/git-workspace/hawk/resources/qald-4_hybrid_train.xml>
00:22:38,127 INFO [org.aksw.hawk.controller.Pipeline.run] 144 - <F@n	7	0.4846800258564965	[PATTERN, NR_OF_TYPES, NR_OF_TERMS, NR_OF_CONSTRAINTS]	/Users/ricardousbeck/Dropbox/Dissertation/git-workspace/hawk/resources/qald-4_hybrid_train.xml>
00:23:11,212 INFO [org.aksw.hawk.controller.Pipeline.run] 144 - <F@n	8	0.5140917905623789	[PATTERN, NR_OF_TYPES, NR_OF_TERMS, NR_OF_CONSTRAINTS]	/Users/ricardousbeck/Dropbox/Dissertation/git-workspace/hawk/resources/qald-4_hybrid_train.xml>
00:23:52,510 INFO [org.aksw.hawk.controller.Pipeline.run] 144 - <F@n	9	0.5533074768368887	[PATTERN, NR_OF_TYPES, NR_OF_TERMS, NR_OF_CONSTRAINTS]	/Users/ricardousbeck/Dropbox/Dissertation/git-workspace/hawk/resources/qald-4_hybrid_train.xml>
00:24:30,895 INFO [org.aksw.hawk.controller.Pipeline.run] 144 - <F@n	10	0.6121310062486535	[PATTERN, NR_OF_TYPES, NR_OF_TERMS, NR_OF_CONSTRAINTS]	/Users/ricardousbeck/Dropbox/Dissertation/git-workspace/hawk/resources/qald-4_hybrid_train.xml>
00:25:03,986 INFO [org.aksw.hawk.controller.Pipeline.run] 144 - <F@n	20	0.6709545356604182	[PATTERN, NR_OF_TYPES, NR_OF_TERMS, NR_OF_CONSTRAINTS]	/Users/ricardousbeck/Dropbox/Dissertation/git-workspace/hawk/resources/qald-4_hybrid_train.xml>
00:25:36,314 INFO [org.aksw.hawk.controller.Pipeline.run] 144 - <F@n	30	0.6779034690799397	[PATTERN, NR_OF_TYPES, NR_OF_TERMS, NR_OF_CONSTRAINTS]	/Users/ricardousbeck/Dropbox/Dissertation/git-workspace/hawk/resources/qald-4_hybrid_train.xml>
00:26:09,336 INFO [org.aksw.hawk.controller.Pipeline.run] 144 - <F@n	40	0.6848238843048533	[PATTERN, NR_OF_TYPES, NR_OF_TERMS, NR_OF_CONSTRAINTS]	/Users/ricardousbeck/Dropbox/Dissertation/git-workspace/hawk/resources/qald-4_hybrid_train.xml>
00:26:43,124 INFO [org.aksw.hawk.controller.Pipeline.run] 144 - <F@n	50	0.7199202758026287	[PATTERN, NR_OF_TYPES, NR_OF_TERMS, NR_OF_CONSTRAINTS]	/Users/ricardousbeck/Dropbox/Dissertation/git-workspace/hawk/resources/qald-4_hybrid_train.xml>
00:27:16,426 INFO [org.aksw.hawk.controller.Pipeline.run] 144 - <F@n	1	0.09728506787330315	[PREDICATES, NR_OF_TYPES, NR_OF_TERMS, NR_OF_CONSTRAINTS]	/Users/ricardousbeck/Dropbox/Dissertation/git-workspace/hawk/resources/qald-4_hybrid_train.xml>
00:27:53,439 INFO [org.aksw.hawk.controller.Pipeline.run] 144 - <F@n	2	0.10568842921784097	[PREDICATES, NR_OF_TYPES, NR_OF_TERMS, NR_OF_CONSTRAINTS]	/Users/ricardousbeck/Dropbox/Dissertation/git-workspace/hawk/resources/qald-4_hybrid_train.xml>
00:28:34,999 INFO [org.aksw.hawk.controller.Pipeline.run] 144 - <F@n	3	0.11638361638361638	[PREDICATES, NR_OF_TYPES, NR_OF_TERMS, NR_OF_CONSTRAINTS]	/Users/ricardousbeck/Dropbox/Dissertation/git-workspace/hawk/resources/qald-4_hybrid_train.xml>
00:29:09,391 INFO [org.aksw.hawk.controller.Pipeline.run] 144 - <F@n	4	0.21302227184580125	[PREDICATES, NR_OF_TYPES, NR_OF_TERMS, NR_OF_CONSTRAINTS]	/Users/ricardousbeck/Dropbox/Dissertation/git-workspace/hawk/resources/qald-4_hybrid_train.xml>
00:29:44,111 INFO [org.aksw.hawk.controller.Pipeline.run] 144 - <F@n	5	0.22193492781728075	[PREDICATES, NR_OF_TYPES, NR_OF_TERMS, NR_OF_CONSTRAINTS]	/Users/ricardousbeck/Dropbox/Dissertation/git-workspace/hawk/resources/qald-4_hybrid_train.xml>
00:30:16,762 INFO [org.aksw.hawk.controller.Pipeline.run] 144 - <F@n	6	0.38664081017022195	[PREDICATES, NR_OF_TYPES, NR_OF_TERMS, NR_OF_CONSTRAINTS]	/Users/ricardousbeck/Dropbox/Dissertation/git-workspace/hawk/resources/qald-4_hybrid_train.xml>
00:30:49,610 INFO [org.aksw.hawk.controller.Pipeline.run] 144 - <F@n	7	0.4846800258564965	[PREDICATES, NR_OF_TYPES, NR_OF_TERMS, NR_OF_CONSTRAINTS]	/Users/ricardousbeck/Dropbox/Dissertation/git-workspace/hawk/resources/qald-4_hybrid_train.xml>
00:31:24,586 INFO [org.aksw.hawk.controller.Pipeline.run] 144 - <F@n	8	0.5140917905623789	[PREDICATES, NR_OF_TYPES, NR_OF_TERMS, NR_OF_CONSTRAINTS]	/Users/ricardousbeck/Dropbox/Dissertation/git-workspace/hawk/resources/qald-4_hybrid_train.xml>
00:31:57,162 INFO [org.aksw.hawk.controller.Pipeline.run] 144 - <F@n	9	0.5533074768368887	[PREDICATES, NR_OF_TYPES, NR_OF_TERMS, NR_OF_CONSTRAINTS]	/Users/ricardousbeck/Dropbox/Dissertation/git-workspace/hawk/resources/qald-4_hybrid_train.xml>
00:32:35,774 INFO [org.aksw.hawk.controller.Pipeline.run] 144 - <F@n	10	0.6121310062486535	[PREDICATES, NR_OF_TYPES, NR_OF_TERMS, NR_OF_CONSTRAINTS]	/Users/ricardousbeck/Dropbox/Dissertation/git-workspace/hawk/resources/qald-4_hybrid_train.xml>
00:33:09,581 INFO [org.aksw.hawk.controller.Pipeline.run] 144 - <F@n	20	0.6709545356604182	[PREDICATES, NR_OF_TYPES, NR_OF_TERMS, NR_OF_CONSTRAINTS]	/Users/ricardousbeck/Dropbox/Dissertation/git-workspace/hawk/resources/qald-4_hybrid_train.xml>
00:33:42,580 INFO [org.aksw.hawk.controller.Pipeline.run] 144 - <F@n	30	0.6766106442577031	[PREDICATES, NR_OF_TYPES, NR_OF_TERMS, NR_OF_CONSTRAINTS]	/Users/ricardousbeck/Dropbox/Dissertation/git-workspace/hawk/resources/qald-4_hybrid_train.xml>
00:34:15,643 INFO [org.aksw.hawk.controller.Pipeline.run] 144 - <F@n	40	0.6835310594826167	[PREDICATES, NR_OF_TYPES, NR_OF_TERMS, NR_OF_CONSTRAINTS]	/Users/ricardousbeck/Dropbox/Dissertation/git-workspace/hawk/resources/qald-4_hybrid_train.xml>
00:34:48,461 INFO [org.aksw.hawk.controller.Pipeline.run] 144 - <F@n	50	0.7199202758026287	[PREDICATES, NR_OF_TYPES, NR_OF_TERMS, NR_OF_CONSTRAINTS]	/Users/ricardousbeck/Dropbox/Dissertation/git-workspace/hawk/resources/qald-4_hybrid_train.xml>
00:35:24,325 INFO [org.aksw.hawk.controller.Pipeline.run] 144 - <F@n	1	0.09728506787330315	[PATTERN, PREDICATES, NR_OF_TYPES, NR_OF_TERMS, NR_OF_CONSTRAINTS]	/Users/ricardousbeck/Dropbox/Dissertation/git-workspace/hawk/resources/qald-4_hybrid_train.xml>
00:35:59,161 INFO [org.aksw.hawk.controller.Pipeline.run] 144 - <F@n	2	0.10568842921784097	[PATTERN, PREDICATES, NR_OF_TYPES, NR_OF_TERMS, NR_OF_CONSTRAINTS]	/Users/ricardousbeck/Dropbox/Dissertation/git-workspace/hawk/resources/qald-4_hybrid_train.xml>
00:36:31,751 INFO [org.aksw.hawk.controller.Pipeline.run] 144 - <F@n	3	0.10568842921784097	[PATTERN, PREDICATES, NR_OF_TYPES, NR_OF_TERMS, NR_OF_CONSTRAINTS]	/Users/ricardousbeck/Dropbox/Dissertation/git-workspace/hawk/resources/qald-4_hybrid_train.xml>
00:37:05,559 INFO [org.aksw.hawk.controller.Pipeline.run] 144 - <F@n	4	0.21302227184580125	[PATTERN, PREDICATES, NR_OF_TYPES, NR_OF_TERMS, NR_OF_CONSTRAINTS]	/Users/ricardousbeck/Dropbox/Dissertation/git-workspace/hawk/resources/qald-4_hybrid_train.xml>
00:37:39,203 INFO [org.aksw.hawk.controller.Pipeline.run] 144 - <F@n	5	0.22193492781728075	[PATTERN, PREDICATES, NR_OF_TYPES, NR_OF_TERMS, NR_OF_CONSTRAINTS]	/Users/ricardousbeck/Dropbox/Dissertation/git-workspace/hawk/resources/qald-4_hybrid_train.xml>
00:38:12,672 INFO [org.aksw.hawk.controller.Pipeline.run] 144 - <F@n	6	0.3395819866408102	[PATTERN, PREDICATES, NR_OF_TYPES, NR_OF_TERMS, NR_OF_CONSTRAINTS]	/Users/ricardousbeck/Dropbox/Dissertation/git-workspace/hawk/resources/qald-4_hybrid_train.xml>
00:38:45,317 INFO [org.aksw.hawk.controller.Pipeline.run] 144 - <F@n	7	0.4846800258564965	[PATTERN, PREDICATES, NR_OF_TYPES, NR_OF_TERMS, NR_OF_CONSTRAINTS]	/Users/ricardousbeck/Dropbox/Dissertation/git-workspace/hawk/resources/qald-4_hybrid_train.xml>
00:39:17,922 INFO [org.aksw.hawk.controller.Pipeline.run] 144 - <F@n	8	0.5533074768368887	[PATTERN, PREDICATES, NR_OF_TYPES, NR_OF_TERMS, NR_OF_CONSTRAINTS]	/Users/ricardousbeck/Dropbox/Dissertation/git-workspace/hawk/resources/qald-4_hybrid_train.xml>
00:39:54,258 INFO [org.aksw.hawk.controller.Pipeline.run] 144 - <F@n	9	0.5533074768368887	[PATTERN, PREDICATES, NR_OF_TYPES, NR_OF_TERMS, NR_OF_CONSTRAINTS]	/Users/ricardousbeck/Dropbox/Dissertation/git-workspace/hawk/resources/qald-4_hybrid_train.xml>
00:40:37,170 INFO [org.aksw.hawk.controller.Pipeline.run] 144 - <F@n	10	0.6121310062486535	[PATTERN, PREDICATES, NR_OF_TYPES, NR_OF_TERMS, NR_OF_CONSTRAINTS]	/Users/ricardousbeck/Dropbox/Dissertation/git-workspace/hawk/resources/qald-4_hybrid_train.xml>
00:41:22,050 INFO [org.aksw.hawk.controller.Pipeline.run] 144 - <F@n	20	0.6709545356604182	[PATTERN, PREDICATES, NR_OF_TYPES, NR_OF_TERMS, NR_OF_CONSTRAINTS]	/Users/ricardousbeck/Dropbox/Dissertation/git-workspace/hawk/resources/qald-4_hybrid_train.xml>
00:42:01,922 INFO [org.aksw.hawk.controller.Pipeline.run] 144 - <F@n	30	0.6766106442577031	[PATTERN, PREDICATES, NR_OF_TYPES, NR_OF_TERMS, NR_OF_CONSTRAINTS]	/Users/ricardousbeck/Dropbox/Dissertation/git-workspace/hawk/resources/qald-4_hybrid_train.xml>
00:42:35,265 INFO [org.aksw.hawk.controller.Pipeline.run] 144 - <F@n	40	0.6835310594826167	[PATTERN, PREDICATES, NR_OF_TYPES, NR_OF_TERMS, NR_OF_CONSTRAINTS]	/Users/ricardousbeck/Dropbox/Dissertation/git-workspace/hawk/resources/qald-4_hybrid_train.xml>
00:43:06,792 INFO [org.aksw.hawk.controller.Pipeline.run] 144 - <F@n	50	0.7199202758026287	[PATTERN, PREDICATES, NR_OF_TYPES, NR_OF_TERMS, NR_OF_CONSTRAINTS]	/Users/ricardousbeck/Dropbox/Dissertation/git-workspace/hawk/resources/qald-4_hybrid_train.xml>
